ObjectID,GlobalID,Plot,Specify other.,% Living Plant Cover,% thatch cover,% Bare Ground,% Living natives,% Living non-natives,Thatch depth (inches),Date of last rain,Inches of last rain,Herbivory on natives,Herbivory on non natives,Number of animal burrows,Entered Species,Total percent cover,lat,lon,Coordinates,Elevation,Date and Time,notes,Your initials,CreationDate,Creator,EditDate,Editor,Soil Moisture,Control,Control,x,y
1,02405507-e98b-413f-b872-5f6dd4adaa4a,4B,,13,77,10,7,6,4.6,,,no,no,7,NaN,NaN,34.460155,-119.754175,34°27’37”N 119°45’15”W,390 feet,8/11/2020 10:06:00 PM,Visible remnants of tractor tires marks through the plot from Thomas Fire mitigation,SES,8/17/2020 5:02:08 PM,CIR_FieldTech1,12/19/2022 10:00:38 PM,ken_cir,,,,-119.754175,34.460155
2,3754f979-8d2e-4e68-bf9d-fc5c71bdb45a,4A,,20,15,65,19,1,1.6,,,yes,no,0,NaN,NaN,34.460036,-119.75438734,"34°27’36”N, 119°45’16”W",400,8/13/2020 4:52:00 PM,Most of the Stipa bunches have burned out centers from the Thomas Fire; tractor tire marks visible in ~25% of plot; unknown scat present; Stipa looks like it has been grazed in the recent past (sheep?),SES,8/17/2020 8:17:25 PM,CIR_FieldTech1,12/19/2022 9:57:43 PM,ken_cir,,,,-119.75438734,34.460036
3,67ced1a0-c6f0-4c00-a0b4-21e961f13fdb,4D,,42,38,20,41,1,3.15,,,no,no,14,NaN,NaN,34.460484,-119.754974,"34°27’38”N, 119°45’18”W",420,8/13/2020 6:26:00 PM,"Unknown scat present; Stipa with charred centers; old, collapsed burrows present",SES,8/17/2020 8:18:18 PM,CIR_FieldTech1,12/19/2022 9:55:43 PM,ken_cir,,,,-119.754974,34.460484
4,7de09f52-d741-4528-89e8-71c75ed467e2,4C,,7,43,50,4,3,1.85,,,yes,no,30,NaN,NaN,34.460172,-119.7549732,"34°27’36”N, 119°45’18”W",410,8/13/2020 6:00:00 PM,"There are many more than 30 burrows, but they have been abandoned/collapsed in",SES,8/17/2020 8:19:19 PM,CIR_FieldTech1,12/19/2022 9:53:41 PM,ken_cir,,,,-119.7549732,34.460172
5,7266fc53-23b5-4df3-915a-420af4d0ee00,6A,,16,20,64,11,5,1.5,,,yes,yes,17,NaN,NaN,34.460182,-119.755414,"34°27’37”N, 119°45’19”W",420,8/18/2020 8:42:00 PM,"Many more than 17 burrows present, but most have collapsed in",SES,8/19/2020 9:34:40 PM,CIR_FieldTech1,12/19/2022 9:47:11 PM,ken_cir,,,,-119.755414,34.460182
6,ab28f32c-f877-405f-8035-39eeb6065c55,6B,,19,61,20,18,1,1.4,,,yes,yes,11,NaN,NaN,34.460379,-119.7556361,"34°27’37”N, 119°45’20”W",430,8/18/2020 9:25:00 PM,"Visible hoof prints dried in the clay; more abandoned burrows; signs of more recent soil activity (i.e. fresh dirt piles, probably a gopher)",SES,8/19/2020 9:41:34 PM,CIR_FieldTech1,12/19/2022 9:45:36 PM,ken_cir,,,,-119.7556361,34.460379
7,4630f5d2-ffa7-4a89-8bc0-f0199fda4bd0,6D,,24,74,2,23,1,2.3,,,yes,no,3,NaN,NaN,34.46208,-119.7563008,"34°27’43”N, 119°45’23”W",480,8/18/2020 10:05:00 PM,Hoof prints in clay visible; multiple kinds of unknown scat present,SES,8/19/2020 9:49:06 PM,CIR_FieldTech1,12/19/2022 9:43:04 PM,ken_cir,,,,-119.7563008,34.46208
8,f64f6233-4a17-4b90-b044-ac98be73a818,6C,,45,30,25,38,7,1.55,,,no,yes,34,NaN,NaN,34.462588,-119.756182132,"34°27’45”N, 119°45’22”W",510,8/18/2020 10:55:00 PM,Unknown scat present,SES,8/19/2020 10:12:36 PM,CIR_FieldTech1,6/20/2024 11:37:30 PM,CIRArcGIS,,,yes,-119.756182132,34.462588
9,674cd3e1-e1ff-487e-9468-10c6f926185b,8B,,45,44,11,44,1,3.2,,,no,no,16,NaN,NaN,34.462127,-119.755432,"34°27’44”N, 119°45’20”W",470,8/18/2020 11:53:00 PM,Unknown scat present (I think sheep?),SES,8/19/2020 10:16:43 PM,CIR_FieldTech1,12/19/2022 9:23:03 PM,ken_cir,,,,-119.755432,34.462127
10,612e62f4-8fa8-4456-90c6-79c670250ca0,8C,,22,20,58,22,0,1.4,,,yes,no,7,NaN,NaN,34.461794,-119.7552585,"34°27’43”N, 119°45’19”W",460,8/19/2020 12:15:00 AM,"Much more Deinandra present, but ~90% passed; fresh gopher mounds present; tractor tire line visible through plot",SES,8/19/2020 10:20:11 PM,CIR_FieldTech1,12/19/2022 9:40:03 PM,ken_cir,,,,-119.7552585,34.461794
11,706ef153-54da-4d71-a190-9ac331c98bcf,5A,,1,98,1,,,1,,,no,no,3,NaN,NaN,34.463218,-119.757009,"34°27’47”N, 119°45’25”W",580,8/26/2020 10:31:00 PM,Fresh acorns present,SES,9/18/2020 8:51:50 PM,CIR_FieldTech1,12/19/2022 9:38:24 PM,ken_cir,,,,-119.757009,34.463218
12,67542a91-1501-435a-a115-30ac5564fac8,5B,,2,83,15,,,1.25,,,no,no,40,NaN,NaN,34.463415,-119.756862,"34°27’48”N, 119°45’25”",590,8/26/2020 11:01:00 PM,,SES,9/18/2020 8:57:43 PM,CIR_FieldTech1,12/19/2022 9:36:55 PM,ken_cir,,,,-119.756862,34.463415
13,c40ca6f9-7fc4-4dcc-81d2-9c74d17fc420,3E,,30,63,7,26,4,2.2,,,no,no,41,NaN,NaN,34.462516,-119.758389,"34°27’45”N, 119°45’30”W",570,8/26/2020 11:33:00 PM,"~1/2 of Croton s. has senesced; probably more burrows than reported, hard to tell with uneven soil + thatch",SES,9/18/2020 9:15:33 PM,CIR_FieldTech1,12/19/2022 9:34:46 PM,ken_cir,,,,-119.758389,34.462516
14,57a7f93e-07c9-43b4-85a8-6ac960ae6fed,3A,,33,57,10,33,0,4,,,no,no,36,NaN,NaN,34.462062,-119.758495,"34°27’43”N, 119°45’30”W",560,8/31/2020 9:45:00 PM,"Site seems extra thatchy, with a dense cluster of Deinandra f.  compared to the adjacent space with lots of Croton s.",SES,9/18/2020 9:23:06 PM,CIR_FieldTech1,12/19/2022 9:33:27 PM,ken_cir,,,,-119.758495,34.462062
15,c8df7a4d-3933-47d4-b09b-36148dbd1311,3D,,32,10,58,32,0,1.3,,,no,no,21,NaN,NaN,34.461556,-119.75801,"34°27’42”N, 119°45’29”W",520,8/31/2020 10:10:00 PM,,SES,9/18/2020 9:27:27 PM,CIR_FieldTech1,12/19/2022 9:32:20 PM,ken_cir,,,,-119.75801,34.461556
16,93961b38-7480-4086-b895-05640e82f37e,3B,,6,39,55,6,0,0.95,,,yes,yes,7,NaN,NaN,34.462028,-119.758029,"34°27’43”N , 119°45’29”W",540,8/31/2020 10:26:00 PM,scar present (sheep I think); plot looks like a bald spot on the hillside when you walk up (looks overgrazed); Stipa p. bunches charred in the middle,SES,9/18/2020 9:36:00 PM,CIR_FieldTech1,12/19/2022 9:31:04 PM,ken_cir,,,,-119.758029,34.462028
17,e005638f-eee9-44b8-a8c2-3f2fbb1f8ddb,2C,,0,,,0,0,,,,,,,NaN,NaN,34.462086,-119.759483,", ",,8/31/2020 10:49:00 PM,No living plants in plot,SES,9/18/2020 9:40:53 PM,CIR_FieldTech1,12/19/2022 9:26:44 PM,ken_cir,,,,-119.759483,34.462086
18,1c0ee14a-5451-4204-8da5-3f7c0b2f968e,2A,,41,19,40,41,0,1.25,,,yes,no,10,NaN,NaN,34.461612,-119.759609,"34°27’42”N, 119°45’35”W",520,8/31/2020 10:52:00 PM,Deinandra f. has senesced (~25% of plot); scat present ,SES,9/18/2020 9:51:33 PM,CIR_FieldTech1,12/19/2022 9:29:36 PM,ken_cir,,,,-119.759609,34.461612
19,68124606-5121-457b-b462-f6f9e884e026,2B,,13,10,77,12,1,1.8,,,no,no,41,NaN,NaN,34.462086,-119.7594831,"34°27’44”N, 119°45’34”W",550,8/31/2020 11:18:00 PM,Soil extremely loose + dusty; many abandoned burrows,SES,9/18/2020 10:15:22 PM,CIR_FieldTech1,12/19/2022 9:28:04 PM,ken_cir,,,,-119.7594831,34.462086
20,ecf00a24-a78b-43a8-a4a9-2e71d99c2434,8A,,15,35,50,15,0,0.32,,,yes,no,3,NaN,NaN,34.462331,-119.755655,"34°27’44”N, 119°45’20”W",480,8/31/2020 11:46:00 PM,T-post for plot missing - used collector gps to roughly locate; significant amount of sheep scat present; most of the Deinandra f. has senesced; Stipa p. bunches charred in center,SES,9/18/2020 10:24:15 PM,CIR_FieldTech1,12/19/2022 9:24:54 PM,ken_cir,,,,-119.755655,34.462331
21,f4e88002-351e-45e6-8b2a-df1db9cdf81b,6A,,75,10,15,10,90,0,,,no,no,130,"Hirschfeldia_incana: 1%, Sonchus_asper: 1%, Baccharis_pilularis: %, Silene_gallica: 2%, Convolvulus_arvensis: %, Rumex_crispus: %, Calandrinia_menziesii: %, Corethrogyne_filaginifolia: %, Avena_barbata_or_fatua: %, Festuca_myuros: %, Vicia_sativa: %, Bromus_hordeaceus: 12%, Artemisia_californica: %, Hypochaeris_glabra: 5%, Medicago_polymorpha: %, Lupinus_bicolor: %, Acmispon_wrangelianus: %, Bromus_diandrus: 8%, Lathyrus_vestitus: %, Erodium_botrys: 50%, Stipa_pulchra: 5%, other: 1%, Sisyrinchium_bellum: %, ",100%,34.46018216810893,-119.75541425221583,"34.46018216810893, -119.75541425221583",500,3/15/2022 3:46:00 PM,,WM (Wyatt McLean),3/15/2022 11:16:16 PM,CIR_FieldTech1,3/15/2022 11:16:16 PM,CIR_FieldTech1,,,,-119.755414252216,34.4601821681089
22,8215fe6c-f92b-4d60-ab67-d2b717eaf2d6,4D,,90,15,5,35,65,1,,,no,no,40,"Erodium_botrys: 30%, Hazardia_squarrosa: 1%, other: %, Corethrogyne_filaginifolia: 1%, Bromus_hordeaceus: 10%, Bromus_diandrus: 10%, Festuca_myuros: 10%, Silene_gallica: %, Plantago_erecta: %, Acmispon_wrangelianus: 1%, Bromus_madritensis: 1%, Artemisia_californica: 1%, Stipa_pulchra: 30%, Avena_barbata_or_fatua: 5%, Medicago_polymorpha: %, Erigeron_canadensis: %, : %, ",100%,34.46048379956863,-119.75497381768244,"34.46048379956863, -119.75497381768244",500,3/15/2022 10:11:00 PM,,WM,3/15/2022 11:16:26 PM,CIR_FieldTech1,3/15/2022 11:16:26 PM,CIR_FieldTech1,,,,-119.754973817682,34.4604837995686
23,554f2a96-d324-457d-ab58-f87a311d9811,6B,,60,20,20,40,60,1,,,no,no,100,"Lacticu_serriola: %, Sonchus_asper: %, Hypochaeris_glabra: %, : %, Medicago_polymorpha: %, Plantago_erecta: %, Artemisia_californica: %, Dichelostemma_capitatum: %, Lupinus_bicolor: %, Deinandra_fasciculata: %, Hazardia_squarrosa: %, Erigeron_canadensis: %, Stipa_pulchra: %, Erodium_botrys: %, Festuca_myuros: %, Bromus_hordeaceus: %, Bromus_diandrus: 8%, other: %, Salsola_tragus: %, Brassica_nigra: %, Bloomeria_crocea: %, Bromus_madritensis: 1%, Silene_gallica: %, other: %, : %, ",100%,34.460379388096335,-119.75563612527766,"34.460379388096335, -119.75563612527766",500,3/15/2022 10:49:00 PM,,WM,3/15/2022 11:16:42 PM,CIR_FieldTech1,3/15/2022 11:16:42 PM,CIR_FieldTech1,,,,-119.755636125278,34.4603793880963
24,963698f4-f958-45de-a4f4-959c88253024,4C,,75,13,10,2,73,1,,,no,no,145,"Lysimachia_arvensis: %, Festuca_perennis: %, Festuca_myuros: 1%, : %, Stipa_pulchra: 2%, Avena_barbata_or_fatua: 6%, Bromus_diandrus: 8%, : %, Bromus_hordeaceus: 3%, Convolvulus_arvensis: %, Lathyrus_vestitus: %, : %, Silene_gallica: %, Erodium_botrys: 80%, : %, : %, : %, ",100%,34.4601717,-119.7549732,"34.4601717, -119.7549732",500',3/15/2022 9:00:00 PM,,Brad Meiners,3/15/2022 11:17:09 PM,CIR_FieldTech1,3/15/2022 11:17:09 PM,CIR_FieldTech1,,,,-119.7549732,34.4601717
25,32a9bad0-a6a7-4bdc-93b9-7f5f26df57f2,4A,,35,30,35,32,68,1,,,,,,"other: 2%, Hazardia_squarrosa: %, Acmispon_wrangelianus: %, Erodium_botrys: 50%, other: 10%, Corethrogyne_filaginifolia: %, Stipa_pulchra: 15%, Sonchus_asper: %, Silene_gallica: %, Avena_barbata_or_fatua: 1%, Plantago_lanceolata: 1%, Sisyrinchium_bellum: %, Bromus_hordeaceus: 1%, Castilleja_exserta: %, Lysimachia_arvensis: %, Hypochaeris_glabra: %, Bromus_madritensis: 20%, : %, ",100%,34.46003606731043,-119.75438733777588,"34.46003606731043, -119.75438733777588",500,3/16/2022 7:39:00 PM,,WM,3/16/2022 8:34:01 PM,CIR_FieldTech1,3/16/2022 8:34:01 PM,CIR_FieldTech1,,,,-119.754387337776,34.4600360673104
26,6637da69-7981-410f-bd3f-cdbeeb889028,4B,,65,15,20,40,60,2,,,no,no,130,"Corethrogyne_filaginifolia: %, Lathyrus_vestitus: 1%, Sisyrinchium_bellum: 1%, Acmispon_wrangelianus: 1%, Hazardia_squarrosa: 1%, Artemisia_californica: 1%, Stipa_pulchra: 5%, Lupinus_nanus: 30%, Sonchus_asper: %, Plantago_lanceolata: %, Lacticu_serriola: %, Brassica_nigra: %, other: %, Erodium_cicutarium: 1%, Erodium_botrys: 2%, Bromus_hordeaceus: 1%, Bromus_madritensis: 1%, Medicago_polymorpha: %, Hypochaeris_glabra: %, Lysimachia_arvensis: %, Silene_gallica: %, other: %, Avena_barbata_or_fatua: 24%, Festuca_myuros: 15%, Bromus_diandrus: 15%, ",99%,34.46015483413734,-119.75417490669513,"34.46015483413734, -119.75417490669513",500,3/16/2022 8:44:00 PM,,WM,3/16/2022 9:47:07 PM,CIR_FieldTech1,3/16/2022 9:47:07 PM,CIR_FieldTech1,,,,-119.754174906695,34.4601548341373
27,88f54b38-561b-43f6-bfe8-a3f8b5b599e7,6C,,90,10,0,15,85,2,,,no,no,,"other: 5%, Amsinckia_intermedia: 10%, other: %, Hirschfeldia_incana: 7%, Bromus_diandrus: 78%, : %, ",100%,34.46258798945352,-119.75618213236622,"34.46258798945352, -119.75618213236622",600,3/16/2022 10:30:00 PM,,WM,3/16/2022 10:46:58 PM,CIR_FieldTech1,3/16/2022 10:46:58 PM,CIR_FieldTech1,,,,-119.756182132366,34.4625879894535
28,a0fbbfed-9557-4f47-8eb4-08f2f107d063,8B,,65,15,20,50,50,2,,,no,yes,110,"Dichelostemma_capitatum: 2%, Bloomeria_crocea: 2%, Artemisia_californica: 1%, Silene_gallica: %, Atriplex_semibaccata: %, Hypochaeris_glabra: %, Stipa_pulchra: 40%, Medicago_polymorpha: %, Brassica_nigra: 2%, other: 2%, other: %, Avena_barbata_or_fatua: %, Bromus_hordeaceus: 1%, : %, Bromus_diandrus: %, Festuca_myuros: %, Erodium_botrys: %, : %, ",100%,34.4621266,-119.7554325,"34.4621266, -119.7554325",550,3/16/2022 10:59:00 PM,,Brad Meiners,3/17/2022 4:07:50 PM,CIR_FieldTech1,3/17/2022 4:07:50 PM,CIR_FieldTech1,,,,-119.7554325,34.4621266
29,5dab7d0d-1004-4001-a496-f08a7a249f88,8C,,60,20,20,15,85,1,,,no,no,35,"Hazardia_squarrosa: 1%, Artemisia_californica: %, other: 1%, Stipa_pulchra: 14%, Hypochaeris_glabra: %, Brassica_nigra: 1%, Sonchus_asper: %, Medicago_polymorpha: 2%, Bromus_hordeaceus: 1%, Bromus_madritensis: %, Festuca_myuros: 15%, Avena_barbata_or_fatua: 20%, Erodium_botrys: 45%, other: %, Festuca_perennis: %, : %, : %, ",100%,34.4617942,-119.7552585,"34.4617942, -119.7552585",,3/17/2022 4:08:00 PM,,Brad meiners,3/17/2022 4:42:35 PM,CIR_FieldTech1,3/17/2022 4:42:35 PM,CIR_FieldTech1,,,,-119.7552585,34.4617942
30,67dc850f-e94b-4047-b22a-c16209af86bd,8A,,60,20,20,42,58,1,,,no,yes,15,"other: 3%, Stipa_pulchra: 40%, Hazardia_squarrosa: %, Sonchus_asper: 2%, Hypochaeris_glabra: %, Medicago_polymorpha: %, Salsola_tragus: %, Brassica_nigra: %, Hordeum_murinum: %, Bromus_madritensis: 4%, Bromus_hordeaceus: %, Festuca_myuros: %, Erodium_cicutarium: %, Bromus_diandrus: %, Erodium_botrys: %, : %, ",100%,34.4623309,-119.7556552,"34.4623309, -119.7556552",,3/17/2022 4:50:00 PM,,Brad Meiners,3/17/2022 5:46:03 PM,CIR_FieldTech1,3/17/2022 5:46:03 PM,CIR_FieldTech1,,,,-119.7556552,34.4623309
31,b1f99962-9710-4070-baf5-dc0dbe197b6f,6D,,50,30,20,40,60,1,,,no,yes,12,"other: %, Dichelostemma_capitatum: 1%, other: %, other: 5%, Stipa_pulchra: 36%, Silene_gallica: 1%, Hypochaeris_glabra: %, Sonchus_asper: 1%, Brassica_nigra: 2%, Bromus_diandrus: 1%, Avena_barbata_or_fatua: 1%, Medicago_polymorpha: %, Bromus_madritensis: 3%, Festuca_perennis: 8%, Lacticu_serriola: %, Erodium_botrys: 41%, ",100%,34.46208010096164,-119.75630074677696,"34.46208010096164, -119.75630074677696",550,3/17/2022 6:25:00 PM,,Erica Weed,3/17/2022 7:15:59 PM,CIR_FieldTech1,3/17/2022 7:15:59 PM,CIR_FieldTech1,,,,-119.756300746777,34.4620801009616
32,fdc61236-cd7b-4c7f-8834-29b48727635b,5A,,50,40,10,10,90,1,,,no,no,55,"Phacelia_hubbyi: 1%, Lupinus_sparsiflorus: %, other: %, Quercus_agrifolia: 7%, Chenopodium_: %, other: 3%, Brassica_nigra: 1%, Lacticu_serriola: 1%, Sonchus_asper: 1%, Chenopodium_: %, Bromus_diandrus: %, Chenopodium_murale: 61%, ",100%,34.46321842093081,-119.7570087072477,"34.46321842093081, -119.7570087072477",650,3/17/2022 7:35:00 PM,,Erica Weed,3/17/2022 8:20:00 PM,CIR_FieldTech1,3/17/2022 8:20:00 PM,CIR_FieldTech1,,,,-119.757008707248,34.4632184209308
33,6a2a9f10-51e9-4a37-846d-85eaf09377ff,5B,,60,20,20,5,95,3,,,yes,yes,76,"Eucrypta_chrysanthemifolia: %, Phacelia_hubbyi: %, other: 1%, other: 1%, Silene_gallica: 2%, other: 1%, Chenopodium_: %, Chenopodium_murale: %, Hirschfeldia_incana: %, Brassica_nigra: %, Bromus_diandrus: %, : %, ",100%,34.463415,-119.756862,"34.463415, -119.756862",,3/17/2022 8:54:00 PM,,Brad Meiners,3/17/2022 9:46:36 PM,CIR_FieldTech1,3/17/2022 9:46:36 PM,CIR_FieldTech1,,,,-119.756862,34.463415
34,7b3ec6ab-3d1a-4abe-a182-ed62503f5cc5,3E,,90,5,5,2,98,3,,,no,no,100,"Amsinckia_intermedia: 2%, Hirschfeldia_incana: 1%, Sonchus_asper: 1%, Chenopodium_: 2%, Calandrinia_menziesii: 2%, Medicago_polymorpha: 1%, Erigeron_canadensis: 1%, Lacticu_serriola: 1%, Brassica_nigra: 2%, Bromus_diandrus: 87%, : %, ",100%,34.4625163,-119.7583886,"34.4625163, -119.7583886",650,3/17/2022 10:48:00 PM,,Brad Meiners,3/17/2022 11:05:53 PM,CIR_FieldTech1,3/17/2022 11:05:53 PM,CIR_FieldTech1,,,,-119.7583886,34.4625163
35,3602083f-d134-4656-851b-bc6288271445,other,Thought 3E didn’t have a post(GPS point is incorrect on map). So we did a plot here(see GPS). We ended up finding the 3E post later.,80,12,8,7,93,3,,,no,no,100,"Amsinckia_intermedia: 1%, Croton_setigerus: 1%, other: 2%, other: 3%, Eucrypta_chrysanthemifolia: 1%, Brassica_nigra: 5%, Chenopodium_: 15%, other: 15%, Bromus_diandrus: 57%, ",100%,34.46263482276077,-119.75848989664853,"34.46263482276077, -119.75848989664853",650,3/17/2022 10:07:00 PM,,Erica Weed,3/17/2022 11:07:52 PM,CIR_FieldTech1,9/12/2024 12:54:40 AM,CIR_FieldTech1,,,,-119.758489896649,34.4626348227608
36,6b0e6e70-c81e-4bc0-8c05-01529f5baa14,3A,,85,10,5,15,85,3,,,no,no,290,"Dichelostemma_capitatum: %, Chenopodium_murale: 1%, Avena_barbata_or_fatua: 2%, Deinandra_fasciculata: 15%, Brassica_nigra: %, Sonchus_asper: %, Silene_gallica: %, Erodium_botrys: 41%, Bromus_diandrus: 41%, : %, ",100%,34.4620616,-119.7584947,"34.4620616, -119.7584947",,3/18/2022 3:36:00 PM,,Brad Meiners,3/18/2022 4:10:51 PM,CIR_FieldTech1,3/18/2022 4:10:51 PM,CIR_FieldTech1,,,,-119.7584947,34.4620616
37,05b006a4-ed98-4a3c-bdc9-9af4b1e5a36c,3B,,39,8,42,40,60,2,,,yes,no,65,"Dichelostemma_capitatum: %, Castilleja_exserta: 1%, Chlorogalum_pomeridianum: %, Acmispon_wrangelianus: %, Deinandra_fasciculata: %, Stipa_pulchra: %, Bromus_madritensis: %, Medicago_polymorpha: %, Festuca_perennis: %, Hypochaeris_glabra: %, Bromus_diandrus: %, Erodium_botrys: %, : %, ",100%,34.4620279,-119.7580286,"34.4620279, -119.7580286",625,3/18/2022 4:48:00 PM,,Brad Meiners,3/18/2022 5:19:05 PM,CIR_FieldTech1,3/18/2022 5:19:05 PM,CIR_FieldTech1,,,,-119.7580286,34.4620279
38,222bcd72-acbc-4277-86cd-56e54510a276,3C,,70,15,15,6,94,3,,,no,yes,250,"Lupinus_bicolor: 3%, Deinandra_fasciculata: 2%, Artemisia_californica: 1%, Lysimachia_arvensis: 1%, Silene_gallica: 1%, Silybum_marianum: %, Sonchus_asper: 1%, Medicago_polymorpha: %, Hypochaeris_glabra: %, Chenopodium_murale: 5%, Lacticu_serriola: 1%, Festuca_perennis: %, Bromus_madritensis: %, Bromus_diandrus: 35%, Erodium_botrys: 50%, Stipa_pulchra: %, ",100%,34.46217767150692,-119.75793991921134,"34.46217767150692, -119.75793991921134",650,3/18/2022 5:54:00 PM,GPS point is incorrect on FieldMaps,Erica Weed,3/18/2022 7:36:19 PM,CIR_FieldTech1,3/18/2022 7:36:19 PM,CIR_FieldTech1,,,,-119.757939919211,34.4621776715069
39,5b4f0502-754c-497e-afd5-b4dc20d06a03,3D,,50,20,30,8,92,1,,,no,yes,35,"Silene_gallica: 1%, Hypochaeris_glabra: 1%, Festuca_myuros: %, Avena_barbata_or_fatua: %, other: 2%, other: %, other: 1%, Lupinus_bicolor: 2%, Deinandra_fasciculata: 3%, Stipa_pulchra: 2%, Dichelostemma_capitatum: 1%, Croton_setigerus: %, : %, Sonchus_asper: %, : %, Bromus_diandrus: 5%, Erodium_botrys: 82%, ",100%,34.46155609181156,-119.75800954393365,"34.46155609181156, -119.75800954393365",650,3/18/2022 6:47:00 PM,Picture taken of unknown species ,Erica Weed,3/18/2022 7:36:51 PM,CIR_FieldTech1,3/18/2022 7:36:51 PM,CIR_FieldTech1,,,,-119.758009543934,34.4615560918116
40,5b814409-40f3-4182-b6b8-377ae20077e6,2B,,85,10,5,2,98,3,,,no,no,85,"Amsinckia_intermedia: %, Brassica_nigra: %, Erodium_botrys: %, Bromus_diandrus: %, : %, ",100%,34.4620861,-119.7594831,"34.4620861, -119.7594831",625,3/18/2022 8:30:00 PM,,Brad Meiners,3/18/2022 8:38:34 PM,CIR_FieldTech1,3/18/2022 8:38:34 PM,CIR_FieldTech1,,,,-119.7594831,34.4620861
41,86d575b6-c8a0-4da2-bc9f-86d648a548e2,2A,,75,10,15,60,40,2,,,yes,yes,,"Dichelostemma_capitatum: %, Lupinus_bicolor: %, Ambrosia_psilostachya: %, : %, other: %, Artemisia_californica: %, Vicia_sativa: %, Sonchus_asper: %, Medicago_polymorpha: %, Festuca_myuros: %, Bromus_madritensis: %, Festuca_perennis: %, Deinandra_fasciculata: %, Bromus_diandrus: %, Stipa_pulchra: %, Bromus_hordeaceus: %, Silybum_marianum: %, Centaurea_melitensis: %, : %, ",100%,34.4616123,-119.7596088,"34.4616123, -119.7596088",,3/18/2022 8:46:00 PM,,Brad Meiners,3/18/2022 9:41:58 PM,CIR_FieldTech1,3/18/2022 9:41:58 PM,CIR_FieldTech1,,,,-119.7596088,34.4616123
42,6878eabe-071d-45d0-b312-fce875b92785,2C,,55,20,25,0,100,3,,,no,no,,"Hordeum_marinum: 15%, Hypochaeris_glabra: %, other: %, Erodium_botrys: 3%, Silene_gallica: %, other: %, Lupinus_bicolor: %, Bromus_diandrus: %, Bromus_hordeaceus: %, : %, ",100%,34.4619374,-119.7592436,"34.4619374, -119.7592436",,3/18/2022 9:43:00 PM,No post at this site,Brad Meiners,3/18/2022 9:57:15 PM,CIR_FieldTech1,3/18/2022 9:57:15 PM,CIR_FieldTech1,,,,-119.7592436,34.4619374
43,ee914702-e0ff-4e9f-b68f-02aec0e138a1,7A,,90,10,0,0,90,12,,,no,no,0,"Brassica_nigra: 1%, Avena_barbata_or_fatua: 5%, Bromus_diandrus: 94%, : %, ",100%,34.4589992,-119.7640324,"34.4589992, -119.7640324",,3/22/2022 5:46:00 PM,,Brad Meiners,3/22/2022 5:56:27 PM,CIR_FieldTech1,3/22/2022 5:56:27 PM,CIR_FieldTech1,,,,-119.7640324,34.4589992
44,feedf933-98cc-4663-a8be-0fd49e6448ee,7B,,85,10,5,0,85,2,,,yes,no,100,"Festuca_perennis: %, Sonchus_asper: %, Brassica_nigra: 3%, Silene_gallica: %, Medicago_polymorpha: %, Erodium_botrys: 20%, Erodium_cicutarium: 7%, Avena_barbata_or_fatua: 40%, Bromus_diandrus: 30%, : %, : %, ",100%,34.4592702,-119.7632964,"34.4592702, -119.7632964",,3/22/2022 6:08:00 PM,,Brad Meiners,3/22/2022 6:45:40 PM,CIR_FieldTech1,3/22/2022 6:45:40 PM,CIR_FieldTech1,,,,-119.7632964,34.4592702
45,ed76a116-a6a2-4835-907c-1e606d5c26cc,7C,,80,15,10,1,99,2,,,no,yes,20,"Stipa_pulchra: 1%, Atriplex_semibaccata: 2%, Festuca_perennis: %, Bromus_madritensis: %, Salsola_tragus: %, Brassica_nigra: 8%, Bromus_diandrus: 40%, Avena_barbata_or_fatua: 49%, : %, ",100%,34.4586452,-119.7641904,"34.4586452, -119.7641904",,3/22/2022 6:46:00 PM,No tag  down hill to west of 7d,Brad Meiners,3/22/2022 7:02:44 PM,CIR_FieldTech1,3/22/2022 7:02:44 PM,CIR_FieldTech1,,,,-119.7641904,34.4586452
46,5ee5b791-a21f-4aa2-9a31-06ba944cf0f8,1A,,81,15,4,20,80,3,,,no,no,20,"Dichelostemma_capitatum: %, Stipa_pulchra: %, Sonchus_oleraceus: %, Bromus_hordeaceus: %, Festuca_perennis: %, Lacticu_serriola: %, : %, Brassica_nigra: %, Avena_barbata_or_fatua: %, Bromus_diandrus: %, : %, ",100%,34.4626086,-119.7632025,"34.4626086, -119.7632025",,3/22/2022 8:01:00 PM,,Brad Meiners,3/22/2022 8:18:56 PM,CIR_FieldTech1,3/22/2022 8:18:56 PM,CIR_FieldTech1,,,,-119.7632025,34.4626086
47,d4a6c3ad-a345-497c-adcf-6c15ffa7c3d8,1B,,83,15,2,0,100,3,,,no,no,3,"Brassica_nigra: %, Festuca_perennis: %, Bromus_diandrus: %, : %, ",100%,34.4631167,-119.7634821,"34.4631167, -119.7634821",,3/22/2022 8:25:00 PM,,Brad Meiners,3/22/2022 8:34:35 PM,CIR_FieldTech1,3/22/2022 8:34:35 PM,CIR_FieldTech1,,,,-119.7634821,34.4631167
48,b2ab550c-224f-4350-8a26-5aa60d6456e0,1C,,85,10,5,3,97,2,,,no,no,4,"Scrophularia_californica: %, other: %, Bromus_madritensis: %, Avena_barbata_or_fatua: 5%, Bromus_diandrus: 5%, Bromus_hordeaceus: 20%, Silybum_marianum: %, other: 20%, Sonchus_asper: %, Brassica_nigra: %, Festuca_perennis: %, : %, ",100%,34.4628931,-119.763127,"34.4628931, -119.763127",,3/22/2022 8:47:00 PM,,Brad Meiners,3/22/2022 9:28:51 PM,CIR_FieldTech1,3/22/2022 9:28:51 PM,CIR_FieldTech1,,,,-119.763127,34.4628931
49,e972e4f8-dddc-4396-9574-f454f97c739e,WM-1,,100,100,0,0,100,2.5,1/16/2023 8:00:00 PM,,no,yes,2,"Avena_barbata_or_fatua: %, Brassica_nigra: %, Lysimachia_arvensis: %, Erodium_botrys: %, : %, : %, ",103%,34.45802001166667,-119.76729201166667,"34.45802001166667, -119.76729201166667",,1/18/2023 4:16:00 PM,grass species uncertain,"EM, MS",1/18/2023 4:47:02 PM,CIRArcGIS,1/18/2023 4:47:02 PM,CIRArcGIS,,,,-119.767292011667,34.4580200116667
50,e6083470-5a2c-4a58-b766-750eeb6dbb38,WM-2,,95,40,1,0,95,1.5,1/16/2023 8:00:00 PM,,no,no,15,"Bromus_diandrus: %, Bromus_madritensis: %, Erodium_botrys: %, Calystegia_macrostegia: %, Brassica_nigra: %, Stipa_pulchra: %, : %, ",116%,34.45906239166667,-119.76739848833334,"34.45906239166667, -119.76739848833334",4,1/18/2023 4:55:00 PM,thatch uneven around the plot,"EM, MS",1/18/2023 5:32:50 PM,CIRArcGIS,1/18/2023 5:32:50 PM,CIRArcGIS,,,,-119.767398488333,34.4590623916667
51,1136da4f-0143-4457-862e-fb27f25539bc,WM-3,,99,5,1,5,94,0.5,1/16/2023 8:00:00 PM,,no,no,20,"Artemisia_californica: %, Erodium_botrys: %, Croton_setigerus: %, Lysimachia_arvensis: %, other: %, other: %, Sonchus_asper: %, Hirschfeldia_incana: %, Erodium_cicutarium: %, other: %, Bromus_hordeaceus: %, Stipa_pulchra: %, Vicia_sativa: %, Bromus_madritensis: %, other: %, Medicago_polymorpha: %, Sonchus_oleraceus: %, other: %, other: %, : %, ",83%,34.459308385,-119.76871615999998,"34.459308385, -119.76871615999998",,1/18/2023 5:42:00 PM,"add 10% botrys and 5 bromus, 3 artemisia","EM, MS",1/18/2023 6:29:51 PM,CIRArcGIS,1/18/2023 6:29:51 PM,CIRArcGIS,,,,-119.76871616,34.459308385
52,f7635a6a-a50d-4f48-aa8b-09c88f456224,WM-4,,95,1,3,10,85,0.5,1/16/2023 8:00:00 PM,,no,no,20,"Stipa_pulchra: %, Chlorogalum_pomeridianum: %, Erodium_botrys: %, Dichelostemma_capitatum: %, Avena_barbata_or_fatua: %, Bromus_hordeaceus: %, Acmispon_wrangelianus: %, Erodium_cicutarium: %, Hypochaeris_glabra: %, Stipa_pulchra: %, Artemisia_californica: %, Bromus_hordeaceus: %, Erodium_botrys: %, : %, ",100%,34.46008627666667,-119.76897019166665,"34.46008627666667, -119.76897019166665",,1/18/2023 6:34:00 PM,ground wet,"EM, MS",1/18/2023 6:51:43 PM,CIRArcGIS,6/20/2024 11:36:17 PM,CIRArcGIS,,,yes,-119.768970191667,34.4600862766667
53,fc815537-4486-4a19-b695-1ca904907e46,WM-5,,100,30,0,20,,1,1/16/2023 8:00:00 PM,,no,no,25,"Stipa_pulchra: %, Bromus_hordeaceus: %, Erodium_botrys: %, Erodium_cicutarium: %, Vicia_sativa: %, Medicago_polymorpha: %, Sonchus_oleraceus: %, Hirschfeldia_incana: %, Stipa_pulchra: %, : %, ",100%,34.460567835000006,-119.76939544000001,"34.460567835000006, -119.76939544000001",,1/18/2023 7:18:00 PM,moisrure 4,"EM, MS",1/18/2023 7:36:11 PM,CIRArcGIS,1/18/2023 7:36:11 PM,CIRArcGIS,,,,-119.76939544,34.460567835
54,3d3f85dc-67b4-4393-b098-a7644a76c451,WM-6,,100,5,0,,,3,1/16/2023 8:00:00 PM,,no,no,10,"Avena_barbata_or_fatua: %, Erodium_botrys: %, Brassica_nigra: %, Chlorogalum_pomeridianum: %, Bromus_hordeaceus: %, other: %, : %, ",100%,34.46117428666667,-119.76837087833336,"34.46117428666667, -119.76837087833336",,1/18/2023 8:07:00 PM,"soil moisture 4, replace half hordaceus with diandrus","EM, MS",1/18/2023 8:25:31 PM,CIRArcGIS,1/18/2023 8:25:31 PM,CIRArcGIS,,,,-119.768370878333,34.4611742866667
55,40b95222-3955-4c3b-96b8-c9b6e0744032,WM-7,,95,30,5,0,100,1,1/16/2023 8:00:00 PM,,yes,no,25,"Calystegia_macrostegia: %, Lysimachia_arvensis: %, Erodium_botrys: %, Bromus_diandrus: %, Bromus_hordeaceus: %, : %, ",100%,34.462302121666674,-119.76922614499999,"34.462302121666674, -119.76922614499999",,1/18/2023 8:31:00 PM,"herbivory of grass around burrows, soil moisture 4","EM, MS",1/18/2023 8:45:24 PM,CIRArcGIS,1/18/2023 8:45:24 PM,CIRArcGIS,,,,-119.769226145,34.4623021216667
56,b1a22fef-9f1c-461b-9ef7-0c4b59f6b384,WM-8,,90,100,0,,,3,1/16/2023 8:00:00 PM,,no,no,15,": %, Bromus_diandrus: %, Sonchus_oleraceus: %, Lysimachia_arvensis: %, Geranium_dissectum: %, other: %, Silybum_marianum: %, Vicia_sativa: %, Bromus_hordeaceus: %, Erodium_botrys: %, : %, ",100%,34.46336782833334,-119.76995817999997,"34.46336782833334, -119.76995817999997",,1/18/2023 8:56:00 PM,soil moisture 3,"EM, MS",1/18/2023 9:19:01 PM,CIRArcGIS,1/18/2023 9:19:01 PM,CIRArcGIS,,,,-119.76995818,34.4633678283333
57,ef8fdb51-6247-43ac-8982-b57712bf4136,WM-11,,,30,1,86,,0.5,1/16/2023 8:00:00 PM,,no,no,13,"other: %, other: %, other: %, Sisyrinchium_bellum: %, Erodium_botrys: %, Artemisia_californica: %, Baccharis_pilularis: %, Lysimachia_arvensis: %, Plantago_lanceolata: %, other: %, other: %, Vicia_sativa: %, other: %, Stipa_pulchra: 81%, : %, ",100%,34.46395652833333,-119.76967552500001,"34.46395652833333, -119.76967552500001",,1/18/2023 9:34:00 PM,"soil moisrure 6, ","EM, MS",1/19/2023 12:40:58 AM,CIRArcGIS,6/20/2024 11:36:40 PM,CIRArcGIS,,,yes,-119.769675525,34.4639565283333
58,15b6712b-0369-4957-9dce-2d6f29715de5,WM-10,,100,80,,5,95,1,1/16/2023 8:00:00 PM,,no,no,12,"Stipa_pulchra: %, Erodium_botrys: %, Bromus_diandrus: %, Avena_barbata_or_fatua: %, Brassica_rapa: %, other: %, Medicago_polymorpha: %, Erodium_botrys: %, : %, ",100%,34.46458575333334,-119.77007346333335,"34.46458575333334, -119.77007346333335",,1/18/2023 10:53:00 PM,soil moisture 4,"EM, MS",1/19/2023 12:41:07 AM,CIRArcGIS,6/20/2024 11:36:58 PM,CIRArcGIS,,,yes,-119.770073463333,34.4645857533333
59,61144053-e625-4b22-be1a-9839ae14c1e4,WM-9,,100,20,,35,,1,1/16/2023 8:00:00 PM,,no,no,12,"Stipa_pulchra: %, Dichelostemma_capitatum: %, Avena_barbata_or_fatua: %, Bromus_diandrus: %, Ambrosia_psilostachya: %, Silybum_marianum: %, Calandrinia_menziesii: %, Sonchus_asper: %, Medicago_polymorpha: %, Hypochaeris_glabra: %, Lysimachia_arvensis: %, other: %, Hirschfeldia_incana: %, : %, ",100%,34.46450573166666,-119.77095340499999,"34.46450573166666, -119.77095340499999",,1/18/2023 11:11:00 PM,soil moisture 3,"EM, MS",1/19/2023 12:41:13 AM,CIRArcGIS,6/20/2024 11:37:10 PM,CIRArcGIS,,,yes,-119.770953405,34.4645057316667
60,04e62478-4233-4992-8d8b-75dada5dbdfc,WM-16,,95,10,,18,,1,1/16/2023 8:00:00 PM,,no,no,15,"Stipa_pulchra: 5%, Artemisia_californica: %, Chlorogalum_pomeridianum: %, Erodium_botrys: %, Bromus_hordeaceus: %, Bromus_diandrus: %, Sonchus_oleraceus: %, Erodium_cicutarium: %, Hypochaeris_glabra: %, Quercus_agrifolia: %, Sisyrinchium_bellum: %, Dichelostemma_capitatum: %, : %, ",100%,34.45835630333334,-119.76612816666665,"34.45835630333334, -119.76612816666665",,1/20/2023 4:18:00 PM,,"EM, WM",1/20/2023 4:41:57 PM,CIRArcGIS,1/20/2023 4:41:57 PM,CIRArcGIS,,,,-119.766128166667,34.4583563033333
61,2530acb0-8cdc-42c7-afeb-07d425adb958,WM-13,,100,0,,0,,,1/16/2023 8:00:00 PM,,no,no,2,"Bromus_diandrus: %, Medicago_polymorpha: %, Brassica_nigra: %, : %, ",100%,34.46269028500001,-119.767231815,"34.46269028500001, -119.767231815",,1/20/2023 5:01:00 PM,foot high annual grass monoculture,"EM, WM",1/20/2023 5:12:18 PM,CIRArcGIS,1/20/2023 5:12:18 PM,CIRArcGIS,,,,-119.767231815,34.462690285
62,83915346-2915-4f0d-9407-a613f1a46b1f,WM-12,,95,5,,0,95,0.5,1/16/2023 8:00:00 PM,,no,no,20,"Bromus_diandrus: %, Sonchus_oleraceus: %, Medicago_polymorpha: %, Hirschfeldia_incana: %, Erodium_cicutarium: %, Sonchus_asper: %, Convolvulus_arvensis: %, Lysimachia_arvensis: %, : %, ",99%,34.464074905,-119.76719087000001,"34.464074905, -119.76719087000001",,1/20/2023 5:22:00 PM,,"EM, WM",1/20/2023 5:33:28 PM,CIRArcGIS,1/20/2023 5:33:28 PM,CIRArcGIS,,,,-119.76719087,34.464074905
63,1b1bad67-b9b5-40a9-b7f7-26aa557121ba,WM-14,,95,97,,0,95,5,1/16/2023 8:00:00 PM,,no,yes,5,"Bromus_diandrus: %, Bromus_madritensis: %, Bromus_hordeaceus: %, Brassica_nigra: %, : %, ",100%,34.46265466333333,-119.76542523833332,"34.46265466333333, -119.76542523833332",,1/20/2023 5:47:00 PM,"steep, next to drainage","EM, WM",1/20/2023 6:26:35 PM,CIRArcGIS,1/20/2023 6:26:35 PM,CIRArcGIS,,,,-119.765425238333,34.4626546633333
64,e9b6b5be-05f0-4806-a31b-3d01d147d8b2,other,,,,,,,,,,,,,,,,,,,,,,1/20/2023 6:29:27 PM,ken_cir,1/20/2023 6:29:54 PM,ken_cir,,,,-119.764435772333,34.4614153693986
71,69e4cc1b-af43-4985-9f0b-0770158e996c,other,,,,,,,,,,,,,,,,,,,,,,1/20/2023 6:34:29 PM,ken_cir,1/20/2023 6:34:33 PM,ken_cir,,,,-119.765536822473,34.4619825447743
73,5961552a-068c-42ef-b7ac-632b6fccc317,,,,,,,,,,,,,,,,,,,,,Added by geode DM 7/5/23,,1/20/2023 6:36:49 PM,ken_cir,7/5/2023 5:42:08 PM,,,,,-119.766762591993,34.4609984275574
74,26d1e483-7bd3-44a7-8cf1-fa36ee71d3de,other,,,,,,,,,,,,,,,,,,,,,,1/20/2023 6:36:50 PM,ken_cir,1/20/2023 6:36:58 PM,ken_cir,,,,-119.766762591993,34.4609984275574
75,974a46d2-7b7f-4a82-b859-97de7c760ace,WM-15,,100,100,,0,100,5,1/16/2023 8:00:00 PM,,no,no,0,"Bromus_diandrus: %, Medicago_polymorpha: %, : %, ",100%,34.461043925,-119.76488059333333,"34.461043925, -119.76488059333333",,1/20/2023 6:44:00 PM,very dense monoculture,"EM, WM",1/20/2023 6:51:30 PM,CIRArcGIS,1/20/2023 6:51:30 PM,CIRArcGIS,,,,-119.764880593333,34.461043925
76,e31efc6b-b9e4-4e77-9263-4d89b3221b38,WM-17,,100,70,,,,,1/16/2023 8:00:00 PM,,no,no,14,"Primula_clevelandii: %, Stipa_pulchra: %, Vicia_sativa: %, Erodium_botrys: %, Isocoma_menziesii: %, Sisyrinchium_bellum: %, Medicago_polymorpha: %, Dichelostemma_capitatum: %, Plantago_lanceolata: %, Bromus_diandrus: %, : %, ",100%,34.46189511,-119.76535658333331,"34.46189511, -119.76535658333331",,1/20/2023 6:56:00 PM,,"EM, WM",1/20/2023 7:49:00 PM,CIRArcGIS,1/20/2023 7:49:00 PM,CIRArcGIS,,,,-119.765356583333,34.46189511
77,4f58c4e0-85d6-4923-9cc1-8f1c0dc876e1,WM-18,,90,30,,21,,1,1/16/2023 8:00:00 PM,,no,yes,26,"Stipa_pulchra: %, Vicia_sativa: %, Artemisia_californica: %, Erodium_botrys: %, Brassica_nigra: %, Bromus_diandrus: %, other: %, Medicago_polymorpha: %, Chlorogalum_pomeridianum: %, : %, ",101%,34.46103166666667,-119.76696662666667,"34.46103166666667, -119.76696662666667",,1/20/2023 8:16:00 PM,,"EM, WM",1/20/2023 8:45:04 PM,CIRArcGIS,1/20/2023 8:45:04 PM,CIRArcGIS,,,,-119.766966626667,34.4610316666667
78,34cb3582-7df6-4386-ba0f-5ecaf1914ea9,7A,,75,20,5,0,100,1,,,no,yes,37,"Avena_barbata_or_fatua: %, Festuca_perennis: %, Hirschfeldia_incana: %, Lacticu_serriola: %, Sonchus_oleraceus: %, other: %, other: %, ",100%,34.45898709514298,-119.76408436977759,"34.45898709514298, -119.76408436977759",,8/3/2023 4:05:00 PM,,TT,8/3/2023 4:12:19 PM,CIR_FieldTech1,8/3/2023 4:12:19 PM,CIR_FieldTech1,,,,-119.764084369778,34.458987095143
79,c4e7e6f5-db26-4fae-8079-dca0beb756ea,7D,,50,30,20,1,99,1.25,,,,yes,89,"Avena_barbata_or_fatua: %, Bromus_hordeaceus: %, Croton_setigerus: %, Deinandra_fasciculata: %, Erodium_botrys: %, Festuca_perennis: %, Lacticu_serriola: %, Silene_gallica: %, Sonchus_oleraceus: %, other: %, ",100%,34.45924424648188,-119.76333627633122,"34.45924424648188, -119.76333627633122",,8/3/2023 4:40:00 PM,,TT,8/3/2023 4:47:37 PM,CIR_FieldTech1,8/3/2023 4:47:37 PM,CIR_FieldTech1,,,,-119.763336276331,34.4592442464819
80,b2f452c4-31f1-4971-bc0a-90c55a0172f8,7D,,75,5,20,59,41,0.5,,,yes,no,6,"Stipa_pulchra: 25%, Artemisia_californica: %, Avena_barbata_or_fatua: %, Deinandra_fasciculata: %, Bromus_madritensis: %, Bromus_diandrus: %, Bromus_hordeaceus: %, Pseudognaphalium_luteoalbum: %, Calystegia_macrostegia: %, Chlorogalum_pomeridianum: %, other: %, Festuca_perennis: %, Centaurea_melitensis: %, Erodium_botrys: %, Sonchus_oleraceus: %, Trifolium_hirtum: %, Hirschfeldia_incana: %, Vicia_sativa: %, Solanum_xanti: %, : %, Salsola_tragus: %, : %, ",100%,34.45901412520041,-119.7640236654503,"34.45901412520041, -119.7640236654503",,8/3/2023 3:59:00 PM,,Wm,8/3/2023 5:21:48 PM,CIR_FieldTech1,8/3/2023 5:21:48 PM,CIR_FieldTech1,,,,-119.76402366545,34.4590141252004
81,16f27ae8-9ae3-4578-8688-21238f9dbeac,1A,,75,10,15,48,52,0.5,,,no,yes,5,"Avena_barbata_or_fatua: %, Festuca_perennis: %, Deinandra_fasciculata: %, Brassica_nigra: %, Brachypodium_distachyon: %, Hirschfeldia_incana: %, Lacticu_serriola: %, Sonchus_asper: %, Stipa_pulchra: %, other: %, : %, ",100%,34.46260369,-119.76318791,"34.46260369, -119.76318791",,8/3/2023 5:16:00 PM,,"BGM,AM, LH",8/3/2023 5:57:20 PM,CIR_FieldTech4,8/3/2023 5:57:20 PM,CIR_FieldTech4,,,,-119.76318791,34.46260369
82,cab99d91-dc00-4198-a546-f63b1c9e180a,1B,,92,3,5,1,99,0.4,,,no,yes,5,"Avena_barbata_or_fatua: %, Deinandra_fasciculata: %, Festuca_perennis: %, Hirschfeldia_incana: %, Lacticu_serriola: %, Stipa_pulchra: %, other: %, : %, ",100%,,,", ",,8/3/2023 5:48:00 PM,Road cuts through plot,MS,8/3/2023 5:59:37 PM,CIR_FieldTech1,8/3/2023 5:59:37 PM,CIR_FieldTech1,,,,0,0
83,67b24479-2287-4af6-a5b9-0c3bd450282c,1C,,75,20,5,12,88,0.25,,,no,yes,0,"Avena_barbata_or_fatua: %, Bromus_hordeaceus: %, Brassica_nigra: %, other: %, Croton_setigerus: %, Festuca_perennis: %, Hirschfeldia_incana: %, Lacticu_serriola: %, Sonchus_oleraceus: %, other: %, other: %, Solanum_douglasii: %, Silybum_marianum: %, : %, ",100%,34.4629047669484,-119.76313129633387,"34.4629047669484, -119.76313129633387",,8/3/2023 6:25:00 PM,,,8/3/2023 6:33:47 PM,CIR_FieldTech1,8/3/2023 6:33:47 PM,CIR_FieldTech1,,,,-119.763131296334,34.4629047669484
84,07ea9eec-83d7-4a55-83a4-25735e47a517,3E,,98,1,1,17,83,0.1,,,yes,no,14,"Bromus_diandrus: %, Brassica_nigra: %, Chenopodium_murale: %, Croton_setigerus: 17%, Lysimachia_arvensis: %, ",100%,34.462501038829295,-119.75829555664188,"34.462501038829295, -119.75829555664188",,8/3/2023 8:20:00 PM,Odd trail through site. Lots of holes,TT,8/3/2023 8:25:20 PM,CIR_FieldTech1,8/3/2023 8:25:20 PM,CIR_FieldTech1,,,,-119.758295556642,34.4625010388293
85,1f6ba7c3-7ee6-47ba-bfca-41721675301a,2B,,20,40,40,35,65,1,,,,yes,150,"Amsinckia_intermedia: %, Avena_barbata_or_fatua: %, Bromus_diandrus: %, Chenopodium_: %, Croton_setigerus: %, Erodium_cicutarium: %, Lysimachia_arvensis: %, Medicago_polymorpha: %, Silene_gallica: %, Sonchus_asper: %, other: %, Bromus_diandrus: %, : %, ",100%,34.46193169,-119.75930934,"34.46193169, -119.75930934",,8/3/2023 8:46:00 PM,,"BGM,AM,",8/3/2023 9:02:36 PM,CIR_FieldTech4,8/3/2023 9:02:36 PM,CIR_FieldTech4,,,,-119.75930934,34.46193169
86,63b248d6-2eb7-4fb4-b1f8-27be92d8a0cd,3B,,92,4,4,79,21,0.25,,,no,no,1,"Chlorogalum_pomeridianum: 1%, Deinandra_fasciculata: %, Erigeron_canadensis: %, Festuca_perennis: %, Hypochaeris_glabra: %, other: %, Stipa_pulchra: %, other: 10%, Trifolium_hirtum: %, other: 1%, ",100%,34.46229543074458,-119.75849881779381,"34.46229543074458, -119.75849881779381",,8/3/2023 9:36:00 PM,,TT,8/3/2023 9:50:07 PM,CIR_FieldTech1,8/3/2023 9:50:07 PM,CIR_FieldTech1,,,,-119.758498817794,34.4622954307446
87,ff126cf4-bf03-4179-bfad-c24bc4e0a127,5B,,48,2,50,8,92,0.25,,,yes,no,5,"Chenopodium_murale: %, Bromus_diandrus: %, Camissoniopsis_bistorta: %, Lysimachia_arvensis: %, Hirschfeldia_incana: %, Avena_barbata_or_fatua: %, : %, ",94%,34.463442014940334,-119.75684539638968,"34.463442014940334, -119.75684539638968",,8/3/2023 10:18:00 PM,,,8/3/2023 10:31:19 PM,CIR_FieldTech1,8/3/2023 10:31:19 PM,CIR_FieldTech1,,,,-119.75684539639,34.4634420149403
88,e971cf87-8dec-4fb7-8e25-a59c30f202be,5A,,25,50,25,12,88,0.25,,,no,no,24,"Quercus_agrifolia: 10%, Bromus_diandrus: 45%, Chenopodium_murale: 40%, Croton_setigerus: 2%, Bromus_madritensis: 1%, Solanum_douglasii: 2%, other: %, Bromus_madritensis: %, Sonchus_oleraceus: %, Solanum_xanti: %, ",100%,34.46322120191942,-119.75697998145041,"34.46322120191942, -119.75697998145041",,8/3/2023 10:27:00 PM,"all thatch was oak leaf litter, 60% canopy cover ",,8/4/2023 12:23:14 AM,CIR_FieldTech1,8/4/2023 12:23:14 AM,CIR_FieldTech1,,,,-119.75697998145,34.4632212019194
89,f7fe6fde-ffe7-497b-aead-840092f3ced6,2A,,92,5,3,92,8,0.5,,,yes,no,6,"Deinandra_fasciculata: %, Stipa_pulchra: %, Croton_setigerus: %, Ambrosia_psilostachya: %, other: %, Artemisia_californica: %, Festuca_perennis: %, Avena_barbata_or_fatua: 3%, Bromus_madritensis: %, Festuca_myuros: %, Bromus_hordeaceus: %, : %, ",100%,34.46160702503702,-119.75961268890626,"34.46160702503702, -119.75961268890626",,8/3/2023 6:37:00 PM,,,8/4/2023 3:12:49 PM,CIR_FieldTech1,8/4/2023 3:12:49 PM,CIR_FieldTech1,,,,-119.759612688906,34.461607025037
90,fbdb175a-07e3-4316-8c0d-9b2621413908,3A,,85,10,5,33,67,0.5,,,no,no,46,"Deinandra_fasciculata: %, Croton_setigerus: %, Bromus_diandrus: %, : %, Avena_barbata_or_fatua: %, Festuca_myuros: %, Lysimachia_arvensis: %, Silene_gallica: %, Erigeron_canadensis: %, : %, ",100%,34.46205583404234,-119.75845254968829,"34.46205583404234, -119.75845254968829",,8/3/2023 8:19:00 PM,,Wm,8/4/2023 3:12:50 PM,CIR_FieldTech1,8/4/2023 3:12:50 PM,CIR_FieldTech1,,,,-119.758452549688,34.4620558340423
91,321624b5-2467-478d-ba1a-c705088016ed,3D,,80,0,20,65,35,0,,,no,no,47,"Croton_setigerus: 60%, Erodium_botrys: %, Deinandra_fasciculata: %, Festuca_myuros: %, Bromus_diandrus: %, other: %, Silene_gallica: %, Brachypodium_distachyon: %, Avena_barbata_or_fatua: %, : %, Stipa_pulchra: %, : %, ",100%,34.46150308943769,-119.7580114939434,"34.46150308943769, -119.7580114939434",,8/3/2023 8:41:00 PM,,Wm,8/4/2023 3:12:50 PM,CIR_FieldTech1,8/4/2023 3:12:50 PM,CIR_FieldTech1,,,,-119.758011493943,34.4615030894377
92,80e1a481-4f13-4aac-a257-d00046e1454f,3C,,85,10,5,48,52,0.75,,,no,yes,123,"Bromus_diandrus: 5%, Croton_setigerus: 13%, Deinandra_fasciculata: 25%, Erigeron_canadensis: 10%, Erodium_cicutarium: 10%, Festuca_myuros: 1%, Lysimachia_arvensis: 20%, Silene_gallica: 1%, Sonchus_asper: %, Stipa_pulchra: %, other: 15%, other: %, : %, ",100%,34.46225135,-119.75791266,"34.46225135, -119.75791266",,8/3/2023 9:33:00 PM,,"BGM, AM",8/4/2023 3:33:37 PM,CIR_FieldTech4,8/4/2023 3:33:37 PM,CIR_FieldTech4,,,,-119.75791266,34.46225135
93,1f5b5558-6d46-4d26-a022-bdee1d20c668,6C,,40,59,1,30,70,2,,,yes,yes,54,"Amsinckia_intermedia: %, Croton_setigerus: %, Hirschfeldia_incana: %, Chenopodium_: %, other: %, : %, : %, ",100%,34.46260571,-119.75619993,"34.46260571, -119.75619993",,8/4/2023 3:43:00 PM,1 very big burrow,"EM, JN, AM",8/4/2023 4:13:55 PM,CIRArcGIS,8/4/2023 4:13:55 PM,CIRArcGIS,,,,-119.75619993,34.46260571
94,9802e936-aea7-4fc4-a76d-72d8edd89a55,6D,,80,20,,75,,2,,,yes,yes,8,"Hirschfeldia_incana: %, Festuca_perennis: %, Bromus_madritensis: %, Avena_barbata_or_fatua: %, Lacticu_serriola: %, Medicago_polymorpha: %, Bromus_hordeaceus: %, Deinandra_fasciculata: %, Silene_gallica: %, Brachypodium_distachyon: %, Erodium_botrys: %, Stipa_pulchra: %, other: %, : %, ",100%,34.4620934,-119.7562675,"34.4620934, -119.7562675",,8/4/2023 4:18:00 PM,cool orb weaver spider,"WM, AM, JN, EM",8/4/2023 4:56:03 PM,CIRArcGIS,8/4/2023 4:56:03 PM,CIRArcGIS,,,,-119.7562675,34.4620934
95,aab7e401-7f65-4e56-a378-488a5fcd6e20,8B,,85,10,5,56,44,1,,,no,no,29,"Stipa_pulchra: %, Brachypodium_distachyon: %, Festuca_bromoides: %, Erodium_botrys: %, Artemisia_californica: %, Deinandra_fasciculata: %, Avena_barbata_or_fatua: %, other: %, Lysimachia_arvensis: %, Lacticu_serriola: %, Sonchus_oleraceus: %, Hirschfeldia_incana: %, Silene_gallica: %, Bloomeria_crocea: %, : %, ",100%,34.46209497753015,-119.75548351194686,"34.46209497753015, -119.75548351194686",,8/4/2023 5:38:00 PM,,Wm,8/4/2023 5:55:42 PM,CIR_FieldTech1,8/4/2023 5:55:42 PM,CIR_FieldTech1,,,,-119.755483511947,34.4620949775301
96,1dcfacac-42b4-40f9-9d35-7118e7b6c0f5,6B,,100,0,,60,,0,,,yes,no,5,"Silene_gallica: %, Artemisia_californica: %, Avena_barbata_or_fatua: %, Brachypodium_distachyon: %, Bromus_hordeaceus: 3%, Bromus_diandrus: %, Bromus_madritensis: %, Erodium_botrys: %, Hazardia_squarrosa: %, Hirschfeldia_incana: %, Sonchus_asper: %, Vicia_sativa: %, Festuca_myuros: %, Trifolium_hirtum: %, Deinandra_fasciculata: %, Stipa_pulchra: %, : %, ",100%,,,", ",,8/4/2023 5:31:00 PM,,"AM, EM",8/4/2023 6:19:13 PM,CIRArcGIS,8/4/2023 6:19:13 PM,CIRArcGIS,,,,0,0
97,5fbe6470-e753-470f-ad14-e96038e1a4a4,8C,,85,3,2,27,73,0.5,,,no,no,27,"Brachypodium_distachyon: 40%, Stipa_pulchra: 15%, Deinandra_fasciculata: 10%, Erodium_botrys: 10%, Festuca_bromoides: 10%, Medicago_polymorpha: %, Avena_barbata_or_fatua: 1%, Bromus_hordeaceus: 2%, other: 2%, Artemisia_californica: 1%, Isocoma_menziesii: 1%, Hypochaeris_glabra: 1%, Lysimachia_arvensis: %, : %, : %, ",100%,34.46175928230813,-119.75531302403635,"34.46175928230813, -119.75531302403635",,8/4/2023 6:06:00 PM,,,8/4/2023 6:27:52 PM,CIR_FieldTech1,8/4/2023 6:27:52 PM,CIR_FieldTech1,,,,-119.755313024036,34.4617592823081
98,f52d45a1-b8df-4d10-9480-5554ba82a7b5,6A,,90,9,1,53,,1,,,yes,yes,42,"Hypochaeris_glabra: %, Lacticu_serriola: %, Hirschfeldia_incana: %, Sonchus_asper: %, Festuca_perennis: %, Festuca_myuros: %, Baccharis_pilularis: %, Isocoma_menziesii: %, Vicia_sativa: %, other: %, Silene_gallica: %, Lysimachia_arvensis: %, Erodium_botrys: %, Bromus_hordeaceus: %, Brachypodium_distachyon: %, Croton_setigerus: %, Convolvulus_arvensis: %, Stipa_pulchra: %, Deinandra_fasciculata: %, : %, ",100%,,,", ",,8/4/2023 6:19:00 PM,3 big mantises,"EM, AM",8/4/2023 7:12:43 PM,CIRArcGIS,8/4/2023 7:12:43 PM,CIRArcGIS,,,,0,0
99,b923b98b-5600-4509-871c-faa5e1f9eb5a,4D,,90,8,2,,,1,,,no,no,27,"Corethrogyne_filaginifolia: 5%, Stipa_pulchra: 20%, Artemisia_californica: 3%, Isocoma_menziesii: 1%, Brachypodium_distachyon: %, Lacticu_serriola: 1%, Deinandra_fasciculata: 8%, Avena_barbata_or_fatua: %, Bromus_hordeaceus: %, Bromus_diandrus: 2%, Erodium_botrys: 5%, Silene_gallica: %, Hypochaeris_glabra: %, Trifolium_hirtum: %, other: %, Medicago_polymorpha: %, other: 2%, Lysimachia_arvensis: %, : %, : %, : %, Festuca_bromoides: 1%, : %, ",100%,34.46048586166879,-119.75490465771384,"34.46048586166879, -119.75490465771384",,8/4/2023 7:48:00 PM,,Wm,8/4/2023 8:11:11 PM,CIR_FieldTech1,8/4/2023 8:11:11 PM,CIR_FieldTech1,,,,-119.754904657714,34.4604858616688
100,da972fcb-147c-4988-84d8-9212f9d23654,4B,,75,20,,37,,1,,,yes,yes,115,"Croton_setigerus: %, Corethrogyne_filaginifolia: %, Erodium_botrys: %, Artemisia_californica: %, Avena_barbata_or_fatua: %, Isocoma_menziesii: %, other: %, Sonchus_oleraceus: %, Silene_gallica: %, Hypochaeris_glabra: %, Plantago_lanceolata: %, Lacticu_serriola: %, Hirschfeldia_incana: %, Vicia_sativa: %, Bromus_hordeaceus: %, Bromus_diandrus: %, other: %, Lupinus_succulentus: %, Deinandra_fasciculata: 20%, Stipa_pulchra: %, Brachypodium_distachyon: %, : %, ",100%,,,", ",,8/4/2023 8:04:00 PM,,"EM, AM",8/4/2023 8:52:47 PM,CIRArcGIS,8/4/2023 8:52:47 PM,CIRArcGIS,,,,0,0
101,fd39bb3b-c1dc-4486-8fee-b36b9864ea07,4A,,94,1,5,63,,2,,,yes,no,2,"Avena_barbata_or_fatua: 1%, Bromus_diandrus: %, Brachypodium_distachyon: 32%, Bromus_madritensis: 1%, Deinandra_fasciculata: 30%, Erodium_botrys: 1%, Plantago_lanceolata: %, Isocoma_menziesii: %, Stipa_pulchra: 15%, other: 17%, Trifolium_hirtum: 2%, : %, ",100%,,,", ",,8/4/2023 8:55:00 PM,"different species right by post- all ripgut, oat, most red brome within 2 ft","EM, AM",8/4/2023 9:17:37 PM,CIRArcGIS,8/4/2023 9:17:37 PM,CIRArcGIS,,,,0,0
102,92afd3af-99c3-4f1b-8c71-87fa4e8728d9,4C,,90,7,3,13,,2,,,yes,yes,140,"Ambrosia_psilostachya: %, Avena_barbata_or_fatua: 3%, Brachypodium_distachyon: 25%, Bromus_diandrus: 4%, Convolvulus_arvensis: 1%, Croton_setigerus: 5%, Deinandra_fasciculata: 3%, Erodium_botrys: 15%, Festuca_perennis: 20%, Lacticu_serriola: %, Silene_gallica: %, Sonchus_oleraceus: %, Stipa_pulchra: 5%, Vicia_sativa: 1%, Lysimachia_arvensis: 15%, : %, ",100%,,,", ",,8/4/2023 9:24:00 PM,"EM, AM","EM, AM",8/4/2023 9:51:10 PM,CIRArcGIS,8/4/2023 9:51:10 PM,CIRArcGIS,,,,0,0
103,4b670676-de6a-4ae0-8a70-61aa798e9b07,0A,,97,0,,0,,,,,,,,": %, ",undefined%,34.36768055,-118.98099827,"34.36768055, -118.98099827",,10/9/2023 8:25:00 PM,Test,Em,10/9/2023 8:27:21 PM,CIRArcGIS,10/9/2023 8:27:21 PM,CIRArcGIS,,,,-118.98099827,34.36768055
104,94dbfbd6-18cb-4a0f-9244-285c4e10934c,WM-1,,97,3,,0,,,,,,,,": %, ",undefined%,34.36766548,-118.9810094,"34.36766548, -118.9810094",,10/9/2023 8:28:00 PM,Test,Em,10/9/2023 8:28:38 PM,CIRArcGIS,10/9/2023 8:28:38 PM,CIRArcGIS,,,,-118.9810094,34.36766548
105,a34de496-8bfd-4eb7-80bb-7ccabed8c5e7,WM-1,,33,33,,33,,,,,,,,": %, ",undefined%,,,", ",,10/9/2023 8:28:00 PM,Test,Em,10/9/2023 8:29:34 PM,CIRArcGIS,10/9/2023 8:29:34 PM,CIRArcGIS,,,,0,0
113,61928629-3fc3-4562-935f-a0e225697a65,3E,,90,2,8,33,67,0.5,,,yes,yes,76,"Amsinckia_intermedia: %, Bromus_diandrus: %, Croton_setigerus: %, Erigeron_canadensis: 30%, Lysimachia_arvensis: 30%, Silene_gallica: %, Sonchus_asper: %, Hirschfeldia_incana: 3%, other: 2%, other: 4%, Centaurea_melitensis: %, Pseudognaphalium_luteoalbum: %, other: %, other: %, ",100%,34.462828278752916,-119.75862192914192,"34.462828278752916, -119.75862192914192",,6/24/2024 3:51:00 PM,CIR team,VK,6/24/2024 5:15:03 PM,CIR_FieldTech4,6/24/2024 5:15:03 PM,CIR_FieldTech4,,no,,-119.758621929142,34.4628282787529
114,ed63f6b1-b6e4-4b3f-87c9-b7183870a8b2,WM-1,,97,3,0,0,100,0.5,,,no,yes,16,NaN,NaN,0,0,NaN,,7/13/2023 8:53:00 PM,CIR team,VK,7/3/2024 9:08:26 PM,CIR_FieldTech4,7/3/2024 9:12:58 PM,CIR_FieldTech4,,no,,0,0
115,19c3d51e-0c6c-4d7a-8ca2-2012ee5633fd,WM-2,,90,7,3,0,100,1,,,no,no,42,NaN,NaN,,,NaN,,7/5/2023 9:10:00 PM,CIR team,VK,7/3/2024 9:31:07 PM,CIR_FieldTech4,7/3/2024 9:31:07 PM,CIR_FieldTech4,,no,,0,0
116,e9ec2a9e-8843-4c52-8c58-609befd36c97,WM-16,,90,2,8,24,76,1,,,no,no,85,NaN,NaN,,,NaN,,7/5/2023 9:31:00 PM,CIR team,VK,7/3/2024 9:49:10 PM,CIR_FieldTech4,7/3/2024 9:49:10 PM,CIR_FieldTech4,,no,,0,0
117,05573942-c890-4903-8ce5-8a22a940837a,WM-15,,90,10,0,0,100,0.75,,,,yes,39,NaN,NaN,,,NaN,,7/17/2023 9:49:00 PM,CIR team,VK,7/3/2024 9:53:43 PM,CIR_FieldTech4,7/3/2024 9:53:43 PM,CIR_FieldTech4,,no,,0,0
118,d7971dcc-c575-47cd-80ec-78042098c3ea,WM-3,,89,6,5,67,33,0.5,,,no,no,35,NaN,NaN,,,NaN,,7/13/2023 9:55:00 PM,CIR team,VK,7/3/2024 10:11:47 PM,CIR_FieldTech4,7/3/2024 10:11:47 PM,CIR_FieldTech4,1,no,,0,0
119,4c8b1c7a-9bf9-45e7-8771-ee001b76fcaf,WM-5,,93,5,2,10,90,0.5,,,no,no,21,NaN,NaN,,,NaN,,7/13/2023 10:11:00 PM,CIR team,VK,7/3/2024 10:23:45 PM,CIR_FieldTech4,7/3/2024 10:23:45 PM,CIR_FieldTech4,1.5,no,,0,0
120,e7ab8087-9529-4e68-84b7-1accff46a0fd,WM-7,,85,5,10,0,100,0.5,,,no,no,50,NaN,NaN,,,NaN,,7/13/2023 10:23:00 PM,CIR team,VK,7/3/2024 10:27:54 PM,CIR_FieldTech4,7/3/2024 10:27:54 PM,CIR_FieldTech4,1.5,no,,0,0
121,3a51acb0-74d3-4b02-8788-ecd205b216ad,WM-13,,95,4,1,0,100,0.5,,,no,no,14,NaN,NaN,,,NaN,,7/13/2023 10:28:00 PM,CIR team,VK,7/3/2024 10:32:11 PM,CIR_FieldTech4,7/3/2024 10:32:11 PM,CIR_FieldTech4,1.5,no,,0,0
122,6df23781-bef9-4580-8587-74ad0a0b9c62,WM-6,,98,0,2,6,94,0.75,,,yes,yes,13,NaN,NaN,,,NaN,,7/13/2023 10:37:00 PM,CIR team,VK,7/3/2024 10:44:33 PM,CIR_FieldTech4,7/3/2024 10:44:33 PM,CIR_FieldTech4,2.2,no,,0,0
123,3a5fcd7d-0b71-46d6-8eec-d1bf56df6366,WM-8,,85,7,8,0,100,0.75,,,yes,yes,69,NaN,NaN,,,NaN,,7/14/2023 1:19:00 AM,CIR team,VK,7/4/2024 1:32:00 AM,CIR_FieldTech4,7/4/2024 1:32:00 AM,CIR_FieldTech4,1.9,no,,0,0
124,d2a5b9ed-5f8a-46dc-89b5-2269ebc9901b,WM-11,,92,3,5,82,18,1,,,yes,yes,94,NaN,NaN,,,NaN,,7/14/2023 1:32:00 AM,CIR team,VK,7/4/2024 1:57:34 AM,CIR_FieldTech4,7/4/2024 1:57:34 AM,CIR_FieldTech4,2,no,,0,0
126,fbf03416-4318-460a-874b-495fa413e1e0,WM-4,,90,5,5,46,54,0.25,,,yes,no,33,NaN,NaN,0,0,NaN,,7/14/2023 2:03:00 AM,CIR team,VK,7/4/2024 2:15:08 AM,CIR_FieldTech4,7/4/2024 9:51:11 PM,CIR_FieldTech4,1.5,no,,0,0
128,a9e82c00-93d3-482a-8f95-ab8be2df9f1d,WM-9,,93,5,2,67,33,1,,,no,yes,26,NaN,NaN,,,NaN,,7/17/2023 10:23:00 PM,CIR team,VK,7/4/2024 10:27:17 PM,CIR_FieldTech4,7/4/2024 10:27:17 PM,CIR_FieldTech4,1,no,,0,0
129,62a68d98-926a-43ff-8858-9691b5d7733f,WM-10,,54,30,16,0,100,1.5,,,no,no,44,NaN,NaN,,,NaN,,7/17/2023 10:27:00 PM,CIR team,VK,7/4/2024 10:33:25 PM,CIR_FieldTech4,7/4/2024 10:33:25 PM,CIR_FieldTech4,1.5,no,,0,0
130,36ec6ce0-2b90-474e-81c6-7d192caa2b2d,WM-12,,97,1,2,0,100,0.5,,,,yes,16,NaN,NaN,,,NaN,,7/17/2023 10:33:00 PM,CIR team,VK,7/4/2024 10:45:24 PM,CIR_FieldTech4,7/4/2024 10:45:24 PM,CIR_FieldTech4,2,no,,0,0
131,86b5be8e-61a9-4534-8556-6284bb8044fe,WM-14,,85,7,8,0,100,1,,,,no,3,NaN,NaN,,,NaN,,7/13/2023 10:45:00 PM,CIR team,VK,7/4/2024 10:48:42 PM,CIR_FieldTech4,7/4/2024 10:48:42 PM,CIR_FieldTech4,2,no,,0,0
132,1cfdfc4f-aec5-421a-9250-88e5dce00cb4,WM-4,,98,0,2,42,58,0.5,,,no,no,76,"Stipa_pulchra: 40%, Avena_barbata_or_fatua: 45%, Deinandra_fasciculata: 2%, Chlorogalum_pomeridianum: %, Brachypodium_distachyon: 5%, Hirschfeldia_incana: %, Bromus_hordeaceus: 8%, Vicia_sativa: %, Artemisia_californica: %, Erodium_botrys: %, Hypochaeris_glabra: %, Sonchus_asper: %, ",100%,34.46007713291113,-119.76894289678364,"34.46007713291113, -119.76894289678364",,7/10/2024 5:22:00 PM,CIR team,VK,7/10/2024 5:47:57 PM,CIR_FieldTech4,7/10/2024 5:47:57 PM,CIR_FieldTech4,,no,,-119.768942896784,34.4600771329111
133,6bc88237-30f1-42d2-9c66-fb2e221d066a,WM-15,,99,0,1,0,100,0,,,no,no,39,"Convolvulus_arvensis: 1%, Avena_barbata_or_fatua: 98%, Bromus_diandrus: 1%, Brachypodium_distachyon: %, ",100%,34.461083469670534,-119.764874405735,"34.461083469670534, -119.764874405735",,7/10/2024 6:04:00 PM,CIR team,VK,7/10/2024 6:23:01 PM,CIR_FieldTech4,7/10/2024 6:23:01 PM,CIR_FieldTech4,,no,,-119.764874405735,34.4610834696705
134,d8afaa1e-e87f-4de9-a15e-96fb9913c11a,WM-17,,100,0,0,20,80,0,,,no,no,49,"Stipa_pulchra: 20%, Vicia_sativa: 2%, Erodium_botrys: 1%, Avena_barbata_or_fatua: %, Brachypodium_distachyon: 75%, Plantago_erecta: 2%, Isocoma_menziesii: %, Festuca_perennis: %, Sisyrinchium_bellum: %, Bloomeria_crocea: %, Lysimachia_arvensis: %, ",100%,34.46189584197143,-119.76536423896982,"34.46189584197143, -119.76536423896982",,7/10/2024 8:24:00 PM,CIR team,VK,7/10/2024 9:54:59 PM,CIR_FieldTech4,7/10/2024 9:54:59 PM,CIR_FieldTech4,,no,,-119.76536423897,34.4618958419714
135,cab365b4-bbb8-48d0-ba7f-65d627d3fcbc,WM-14,,98,0,2,0,100,0,,,no,no,73,"Festuca_perennis: %, Avena_barbata_or_fatua: 1%, Brachypodium_distachyon: 75%, Brassica_nigra: 20%, other: 3%, Vicia_sativa: %, ",100%,34.462628318028955,-119.76543819542952,"34.462628318028955, -119.76543819542952",,7/10/2024 8:56:00 PM,CIR team,VK,7/10/2024 9:55:22 PM,CIR_FieldTech4,7/10/2024 9:55:22 PM,CIR_FieldTech4,,no,,-119.76543819543,34.462628318029
136,2fee3ee4-9202-4b62-bbb7-1ea90bee0bf5,WM-13,,100,0,0,0,100,0,,,no,no,39,"Avena_barbata_or_fatua: 90%, Lysimachia_arvensis: %, Bromus_madritensis: 1%, Festuca_perennis: 2%, Hordeum_murinum: %, Medicago_polymorpha: %, Erodium_botrys: 1%, Brachypodium_distachyon: %, Bromus_diandrus: 5%, Silene_gallica: %, ",100%,34.46268902930616,-119.767243849861,"34.46268902930616, -119.767243849861",,7/10/2024 9:55:00 PM,CIR team,VK,7/11/2024 12:03:42 AM,CIR_FieldTech4,7/11/2024 12:03:42 AM,CIR_FieldTech4,,no,,-119.767243849861,34.4626890293062
138,eaabce5e-2055-4f5f-a7ea-5ad3a9fb185f,8B,,93,5,2,42,58,0.5,,,yes,yes,28,"Hypochaeris_glabra: %, Silene_gallica: %, Sonchus_oleraceus: %, Stipa_pulchra: %, Acmispon_glaber: %, Artemisia_californica: 2%, Avena_barbata_or_fatua: %, Amsinckia_intermedia: %, Bloomeria_crocea: %, Brachypodium_distachyon: %, Bromus_hordeaceus: %, Erodium_botrys: %, Festuca_perennis: %, Festuca_myuros: %, Lysimachia_arvensis: %, other: %, ",100%,34.46222222222222,-119.75555555555556,"34°27’44”N, 119°45’20”W",,6/26/2024 4:05:00 PM,CIR team,VK,7/17/2024 6:17:31 PM,CIR_FieldTech4,7/17/2024 6:17:31 PM,CIR_FieldTech4,,no,,-119.755555555556,34.4622222222222
139,f2cc4642-eda1-4330-b1b1-9ceddee52f5b,4B,,92,5,3,48,52,0.5,,,no,yes,72,"Avena_barbata_or_fatua: %, Brachypodium_distachyon: %, Bromus_diandrus: %, Bromus_hordeaceus: %, Corethrogyne_filaginifolia: %, Erodium_botrys: %, Festuca_perennis: %, Foeniculum_vulgare: %, Sisyrinchium_bellum: %, Sonchus_oleraceus: %, Stipa_pulchra: %, Vicia_sativa: %, Isocoma_menziesii: %, Baccharis_pilularis: %, Lacticu_serriola: %, other: %, Plantago_lanceolata: %, other: %, other: %, Festuca_myuros: %, ",100%,34.460277777777776,-119.75416666666666,34°27’37”N 119°45’15”W,,6/26/2024 3:50:00 PM,CIR team,VK,7/17/2024 6:19:37 PM,CIR_FieldTech4,7/17/2024 6:19:37 PM,CIR_FieldTech4,,no,,-119.754166666667,34.4602777777778
140,1b709b60-3efa-4173-a7d1-d0c3cca37b47,2B,,88,6,6,10,90,0.5,,,no,yes,83,"Amsinckia_intermedia: %, Avena_barbata_or_fatua: %, Bromus_diandrus: 32%, Erodium_botrys: 26%, Erigeron_canadensis: 2%, Lysimachia_arvensis: 1%, Malva_parviflora: %, Silene_gallica: 30%, Sonchus_asper: %, Sonchus_oleraceus: %, Stipa_pulchra: %, Vicia_sativa: %, Deinandra_fasciculata: %, Festuca_myuros: %, Hirschfeldia_incana: %, other: %, Lacticu_serriola: %, other: 1%, other: %, ",100%,34.46193169,-119.75930934,"34.46193169, -119.75930934",,6/26/2024 6:15:00 PM,CIR team,VK,7/17/2024 9:04:59 PM,CIR_FieldTech4,7/17/2024 9:04:59 PM,CIR_FieldTech4,,no,,-119.75930934,34.46193169
141,827b8d80-038a-477b-adc7-987122f9ff7e,2A,,94,5,1,77,23,0.75,,,no,yes,57,"Sonchus_oleraceus: 1%, Stipa_pulchra: 33%, Vicia_sativa: 15%, Deinandra_fasciculata: 40%, Ambrosia_psilostachya: 1%, Artemisia_californica: 1%, Avena_barbata_or_fatua: 2%, Brachypodium_distachyon: %, Bromus_diandrus: %, Bromus_hordeaceus: %, Croton_setigerus: 2%, Erodium_botrys: %, Festuca_perennis: 5%, Festuca_myuros: %, Lacticu_serriola: %, Trifolium_hirtum: %, Lupinus_bicolor: %, other: %, Centaurea_melitensis: %, ",100%,34.461666666666666,-119.75972222222222,"34°27’42”N, 119°45’35”W",,6/26/2024 7:05:00 PM,CIR team,VK,7/17/2024 9:42:04 PM,CIR_FieldTech4,7/17/2024 9:42:04 PM,CIR_FieldTech4,,no,,-119.759722222222,34.4616666666667
142,3cac5d7d-0a1c-498b-af9d-f13b122d7617,2B,,35,63,,5,,1,7/13/2024 7:00:00 PM,0.1,yes,yes,25,"Lacticu_serriola: %, Plantago_erecta: %, Brachypodium_distachyon: %, Bromus_hordeaceus: %, Stipa_pulchra: %, Avena_barbata_or_fatua: %, Hazardia_squarrosa: %, Deinandra_fasciculata: %, Baccharis_pilularis: %, other: %, Artemisia_californica: 1%, Corethrogyne_filaginifolia: 1%, Brassica_nigra: 1%, Sonchus_asper: 1%, Lysimachia_arvensis: 1%, Sisyrinchium_bellum: 1%, Vicia_sativa: 2%, other: 1%, : %, ",100%,34.46012769,-119.7542236,"34.46012769, -119.7542236",,7/26/2024 3:52:00 PM,,"EM, ZE, NR",7/26/2024 4:40:15 PM,CIRArcGIS,7/26/2024 4:40:15 PM,CIRArcGIS,,no,,-119.7542236,34.46012769
143,2d21e198-19b6-428e-b347-8340978f14d2,4B,,35,63,,5,,1,7/13/2024 7:00:00 PM,0.1,yes,yes,25,"Lacticu_serriola: 20%, Plantago_erecta: %, Brachypodium_distachyon: %, Bromus_hordeaceus: %, Stipa_pulchra: %, Avena_barbata_or_fatua: %, Hazardia_squarrosa: %, Deinandra_fasciculata: %, Baccharis_pilularis: %, other: %, Artemisia_californica: 1%, Corethrogyne_filaginifolia: 1%, Brassica_nigra: 1%, Sonchus_asper: 1%, Lysimachia_arvensis: 1%, Sisyrinchium_bellum: 1%, Vicia_sativa: 2%, other: 1%, : %, ",100%,34.46012769,-119.7542236,"34.46012769, -119.7542236",,7/26/2024 3:52:00 PM,,"EM, ZE, NR",7/26/2024 4:41:50 PM,CIRArcGIS,7/26/2024 4:41:50 PM,CIRArcGIS,,no,,-119.7542236,34.46012769
144,e5b12abf-618e-40e5-aeb5-f142d258cf69,8B,,40,59,,40,,3,7/13/2024 7:00:00 PM,0.1,no,no,20,"Stipa_pulchra: 40%, Sisyrinchium_bellum: 1%, Acmispon_glaber: 1%, Artemisia_californica: 4%, Bloomeria_crocea: 1%, Deinandra_fasciculata: 1%, Brachypodium_distachyon: 30%, Bromus_hordeaceus: 5%, Avena_barbata_or_fatua: 4%, Sonchus_oleraceus: 1%, Erodium_botrys: 5%, other: 1%, Lysimachia_arvensis: 1%, Medicago_polymorpha: 1%, : %, ",100%,34.46214138,-119.75543946,"34.46214138, -119.75543946",,7/26/2024 5:17:00 PM,,"EM, ZE, NR",7/26/2024 5:44:52 PM,CIRArcGIS,7/26/2024 5:44:52 PM,CIRArcGIS,,no,,-119.75543946,34.46214138
145,2b9fdfbc-3125-4e5b-8365-9f5a54d1269d,WM-2,,96,3,,0,100,0.5,7/26/2024 6:37:40 PM,0.1,no,yes,7,"Avena_barbata_or_fatua: 30%, Sonchus_oleraceus: 1%, Festuca_myuros: 27%, Erodium_botrys: 30%, Brassica_nigra: 2%, Convolvulus_arvensis: 3%, Festuca_perennis: 3%, : %, ",100%,34.45912264,-119.76745149,"34.45912264, -119.76745149",,7/26/2024 6:25:00 PM,"Fell down, we stood it up. May have moved slightly","EM, ZE, NR",7/26/2024 6:51:03 PM,CIRArcGIS,7/26/2024 6:51:03 PM,CIRArcGIS,,no,,-119.76745149,34.45912264
146,dc4e367d-e6dd-4e45-b48c-90bcd83f0669,WM-1,,35,63,,4,,1.5,1/6/2025 4:46:27 PM,,yes,yes,11,"Brassica_nigra: 16%, Avena_barbata_or_fatua: 40%, other: 3%, other: 1%, Bromus_diandrus: 40%, : %, ",100%,,,,,1/6/2025 4:38:00 PM,,"Lh,pc,bm,tt,em",1/6/2025 5:03:46 PM,CIRArcGIS,1/6/2025 5:03:46 PM,CIRArcGIS,,no,,0,0
147,4f5efcf4-f35e-4cc3-9021-c832fafc4bcd,WM-2,,20,65,,,,1.5,,,,yes,11,"Avena_barbata_or_fatua: 35%, Convolvulus_arvensis: 1%, Erodium_botrys: 45%, Bromus_diandrus: 19%, : %, ",100%,,,", ",,1/6/2025 5:14:00 PM,Birds using pole as perch. Burrows finger diameter.,"Pc, em",1/6/2025 5:29:03 PM,CIRArcGIS,1/6/2025 5:29:03 PM,CIRArcGIS,,no,,0,0
148,384affe8-dcf8-473e-b962-d46d5057c08c,WM-16,,15,55,30,75,25,0.5,,,yes,no,67,"Stipa_pulchra: 50%, other: 25%, Artemisia_californica: 15%, Pseudognaphalium_californicum: 5%, Chlorogalum_pomeridianum: 3%, Croton_setigerus: 0%, other: 0%, Sisyrinchium_bellum: 1%, Convolvulus_arvensis: 0%, other: 1%, Sonchus_asper: 0%, ",100%,,,,,1/6/2025 5:25:00 PM,,TT BM LH,1/6/2025 5:54:30 PM,CIR_FieldTech1,1/6/2025 5:54:30 PM,CIR_FieldTech1,,no,,0,0
149,7dfc03ec-0d54-48ba-8c18-806efa2b8903,WM-3,,35,35,,97,3,1.5,,,yes,yes,32,"Artemisia_californica: %, Pseudognaphalium_californicum: 15%, Croton_setigerus: 27%, other: 3%, Stipa_pulchra: 10%, Erodium_botrys: 2%, Euthamia_occidentalis: 2%, Convolvulus_arvensis: 1%, : %, ",100%,,,", ",,1/6/2025 5:35:00 PM,,"Pc, em",1/6/2025 5:55:09 PM,CIRArcGIS,1/6/2025 5:55:09 PM,CIRArcGIS,,no,,0,0
150,d9db497d-adda-497a-9669-d4e687c8d347,WM-4,,50,8,,,,2,,,no,no,9,"Stipa_pulchra: 70%, Artemisia_californica: 2%, Euthamia_occidentalis: 1%, Silene_gallica: 1%, Erodium_botrys: 10%, Bromus_hordeaceus: 10%, Avena_barbata_or_fatua: 5%, Pseudognaphalium_californicum: 1%, : %, ",100%,,,", ",,1/6/2025 6:30:00 PM,Ungrazed control,"pc, em, lh",1/6/2025 6:50:32 PM,CIRArcGIS,1/6/2025 6:50:32 PM,CIRArcGIS,,no,,0,0
151,6298ecb7-c558-4364-b2f8-8b23f6f2aa7e,WM-6,,35,40,25,21,79,0.25,,,yes,no,64,"Stipa_pulchra: 15%, Avena_barbata_or_fatua: 40%, Bromus_diandrus: 35%, Croton_setigerus: 5%, Asclepias_fascicularis: 1%, Erodium_cicutarium: 4%, Chlorogalum_pomeridianum: 0%, other: 0%, ",100%,,,,,1/6/2025 6:34:00 PM,,,1/6/2025 6:58:01 PM,CIR_FieldTech1,1/6/2025 6:58:01 PM,CIR_FieldTech1,,no,,0,0
152,64f1a7c9-e4ac-423e-906d-e2afd3c55e92,WM-5,,20,45,,34,,1,,,yes,yes,47,"Stipa_pulchra: 30%, Erodium_botrys: 34%, Bromus_diandrus: 30%, Convolvulus_arvensis: 1%, Avena_barbata_or_fatua: %, other: 1%, Croton_setigerus: %, : %, ",100%,,,", ",,1/6/2025 6:54:00 PM,Some finger sized burrows,"Em, pc, wm",1/6/2025 7:16:10 PM,CIRArcGIS,1/6/2025 7:16:10 PM,CIRArcGIS,,no,,0,0
153,03766da2-6ff1-4475-b255-9f3ac715e905,WM-7,,60,30,,,,1,,,yes,yes,59,"Avena_barbata_or_fatua: 27%, Bromus_diandrus: 26%, Convolvulus_arvensis: 40%, Erodium_botrys: 5%, other: 1%, other: 1%, : %, ",100%,,,", ",,1/6/2025 7:16:00 PM,"Bald spot by pole maybe from sheep scratching, birds perching/pooping from pole too.","Wm, pc, lh, em",1/6/2025 7:32:02 PM,CIRArcGIS,1/6/2025 7:32:02 PM,CIRArcGIS,,no,,0,0
154,2bfe0b64-fbcd-4229-aa23-42b7d65300da,other,Near WM 18,67,25,8,1,99,0.75,,,yes,yes,43,"Brassica_nigra: 32%, Hirschfeldia_incana: 25%, Croton_setigerus: 1%, Festuca_myuros: 30%, other: 0%, Avena_barbata_or_fatua: 10%, other: 0%, Sonchus_asper: 0%, Rumex_crispus: %, ",100%,,,", ",,1/6/2025 7:04:00 PM,Difficult to differentiate mustards,TT BM,1/6/2025 7:34:17 PM,CIR_FieldTech1,1/6/2025 7:34:17 PM,CIR_FieldTech1,,no,,0,0
155,e78c2da6-ec1c-47b2-a6b1-dcdfde5d2142,WM-8,,30,65,,,,1.5,,,yes,yes,93,"Stipa_pulchra: %, Asclepias_fascicularis: %, Sisyrinchium_bellum: %, Convolvulus_arvensis: %, Brachypodium_distachyon: %, Erodium_botrys: %, : %, ",100%,,,", ",,1/6/2025 7:56:00 PM,Replacement pole,"Lh, wm, pc, em",1/6/2025 8:02:07 PM,CIRArcGIS,1/6/2025 8:02:07 PM,CIRArcGIS,,no,,0,0
156,89e707fc-1afa-4ce0-9584-9c014f710762,WM-18,,28,69,3,18,82,2,,,no,yes,50,"Avena_barbata_or_fatua: 33%, Artemisia_californica: 1%, Stipa_pulchra: 10%, other: 3%, Hirschfeldia_incana: 3%, Pseudognaphalium_californicum: 0%, Croton_setigerus: 1%, Festuca_perennis: 15%, other: 33%, ",100%,,,", ",,1/6/2025 7:37:00 PM,,,1/6/2025 8:10:23 PM,CIR_FieldTech1,1/6/2025 8:10:23 PM,CIR_FieldTech1,,no,,0,0
157,40056ee2-5a6e-4e98-9183-5c1e1f2fe73b,WM-13,,45,25,30,0,100,0.5,,,no,no,106,"Bromus_diandrus: 45%, Avena_barbata_or_fatua: 55%, Erodium_botrys: 1%, ",100%,,,", ",,1/6/2025 9:07:00 PM,Difficult to differentiate grasses,TT BM PC,1/6/2025 9:20:57 PM,CIR_FieldTech1,1/6/2025 9:20:57 PM,CIR_FieldTech1,,no,,0,0
158,0fe3a44d-0480-4621-8b5e-4bac4a0d30ae,WM-11,,95,4,,84,,1,,,yes,yes,,"Sisyrinchium_bellum: 5%, Stipa_pulchra: 67%, Artemisia_californica: 2%, Sonchus_asper: %, Plantago_lanceolata: 5%, Baccharis_pilularis: 1%, other: 2%, other: %, Vicia_sativa: %, other: 10%, other: %, other: 7%, Hirschfeldia_incana: 1%, other: %, ",100%,,,", ",,1/6/2025 8:52:00 PM,Mystery juncus,"Wm, lh, em",1/6/2025 9:30:52 PM,CIRArcGIS,1/6/2025 9:30:52 PM,CIRArcGIS,,no,,0,0
159,ac6d339a-fdf5-40d4-87e1-9a990566811b,WM-12,,20,70,10,0,100,0.75,,,no,no,42,"Hirschfeldia_incana: %, other: %, Convolvulus_arvensis: %, Avena_barbata_or_fatua: %, Bromus_diandrus: %, : %, ",100%,34.46405183,-119.76717258,"34.46405183, -119.76717258",,1/6/2025 9:30:00 PM,,PC TT BM,1/6/2025 9:45:09 PM,CIR_FieldTech4,1/6/2025 9:45:09 PM,CIR_FieldTech4,,no,,-119.76717258,34.46405183
160,c83f3a64-e485-4b97-8f0b-bd723add4936,WM-9,,35,65,,,,1,,,yes,yes,11,"Ambrosia_psilostachya: 16%, Stipa_pulchra: 60%, Hirschfeldia_incana: 5%, Erodium_botrys: 2%, Avena_barbata_or_fatua: %, Festuca_perennis: 15%, Erodium_cicutarium: 2%, ",100%,,,", ",,1/6/2025 9:38:00 PM,,"Lh, wm, em",1/6/2025 9:55:35 PM,CIRArcGIS,1/6/2025 9:55:35 PM,CIRArcGIS,,no,,0,0
161,87198fd4-4e26-4a78-a8f1-95656cbba8bb,WM-14,,25,60,15,0,50,1,,,no,no,35,"Brassica_nigra: %, other: %, Festuca_myuros: %, Hirschfeldia_incana: %, Bromus_diandrus: %, Avena_barbata_or_fatua: %, Festuca_myuros: %, : %, ",100%,34.46265096,-119.7654475,"34.46265096, -119.7654475",,1/6/2025 9:56:00 PM,,PC TT BM,1/6/2025 10:14:59 PM,CIR_FieldTech4,1/6/2025 10:14:59 PM,CIR_FieldTech4,,no,,-119.7654475,34.46265096
162,7dc4fb82-2da6-4b2f-a68d-2c71b8e83dc5,WM-10,,9,90,,0,,2,,,no,no,36,"Festuca_perennis: 23%, Bromus_hordeaceus: 24%, Erodium_botrys: %, Avena_barbata_or_fatua: 23%, Bromus_diandrus: %, ",100%,,,,,1/6/2025 10:28:00 PM,Grasses divided arbitrarily due to phenology,"Em, lh, wm",1/6/2025 10:45:33 PM,CIRArcGIS,1/6/2025 10:45:33 PM,CIRArcGIS,,no,,0,0
163,76e486ca-59e9-4387-96cf-d8b2ef0fc51b,WM-17,,30,65,5,60,40,0.75,,,no,no,53,"Plantago_lanceolata: 1%, other: 0%, Stipa_lepida: 50%, Festuca_myuros: 45%, Erodium_botrys: 1%, Sisyrinchium_bellum: 1%, : %, ",100%,34.46187157,-119.76539089,"34.46187157, -119.76539089",,1/6/2025 10:41:00 PM,,,1/6/2025 11:05:28 PM,CIR_FieldTech4,1/6/2025 11:05:28 PM,CIR_FieldTech4,,no,,-119.76539089,34.46187157
164,fbaa9eca-90de-4c8c-a236-2e24bccbf015,7A,,30,95,5,0,60,0.75,,,no,no,45,"Brassica_nigra: 35%, other: 35%, Festuca_myuros: 20%, Avena_barbata_or_fatua: 10%, Convolvulus_arvensis: 0%, : %, ",100%,34.4590028,-119.76410774,"34.4590028, -119.76410774",,1/7/2025 4:43:00 PM,,BM PC,1/7/2025 4:52:31 PM,CIR_FieldTech4,1/7/2025 4:52:31 PM,CIR_FieldTech4,,no,,-119.76410774,34.4590028
165,78f4127a-7fd9-49f5-86b0-f73a9843d3dc,1B,,30,70,,0,,2,,,no,yes,30,"other: %, Hirschfeldia_incana: 4%, Lacticu_serriola: 1%, : %, ",100%,,,", ",,1/7/2025 5:00:00 PM,"All grass is thatch, no sprouts.dry.","Em, wm",1/7/2025 5:08:33 PM,CIRArcGIS,1/7/2025 5:08:33 PM,CIRArcGIS,,no,,0,0
166,f27ed139-65b9-4fa6-9a4d-80faffc11d14,7C,,25,30,45,45,55,0.5,,,yes,no,15,"Stipa_lepida: 10%, Pseudognaphalium_californicum: 5%, Artemisia_californica: %, Sisyrinchium_bellum: 5%, Stephanomeria_sp.: 5%, Brassica_nigra: 5%, Festuca_perennis: 15%, Chlorogalum_pomeridianum: 5%, Erodium_cicutarium: 5%, Convolvulus_arvensis: 5%, : %, ",100%,34.45875232,-119.76402502,"34.45875232, -119.76402502",,1/7/2025 4:55:00 PM,,PC BM,1/7/2025 5:17:41 PM,CIR_FieldTech4,1/7/2025 5:17:41 PM,CIR_FieldTech4,,no,,-119.76402502,34.45875232
167,32499f1f-f473-40bc-9459-5cb78d4c4ee8,1C,,50,50,,,,2,,,yes,yes,15,"Isocoma_menziesii: %, Pseudognaphalium_californicum: 1%, Solanum_douglasii: %, other: 5%, other: 60%, Brassica_nigra: 32%, : %, ",100%,,,", ",,1/7/2025 5:10:00 PM,"All grass thatch, dry no seedlings. Burr clover seeds present.","Wm, em",1/7/2025 5:26:47 PM,CIRArcGIS,1/7/2025 5:26:47 PM,CIRArcGIS,,no,,0,0
168,4630ec28-2d10-4821-af06-8b2c9a0d940e,7B,,50,30,20,0,100,0.75,,,no,no,40,"Festuca_myuros: 40%, Erodium_cicutarium: 30%, Avena_barbata_or_fatua: 20%, Bromus_diandrus: 10%, ",100%,34.45927107,-119.76329438,"34.45927107, -119.76329438",,1/7/2025 5:27:00 PM,,,1/7/2025 6:30:51 PM,,1/7/2025 6:30:51 PM,,,no,,-119.76329438,34.45927107
169,fc2373be-fce1-47ac-b09c-11c1bdb32bed,2A,,25,65,,,,1,,,yes,yes,24,"Vicia_sativa: 36%, Festuca_perennis: 9%, Deinandra_fasciculata: 26%, Croton_setigerus: 2%, Stipa_pulchra: 18%, Artemisia_californica: 2%, Ambrosia_psilostachya: 6%, Silene_gallica: %, other: 1%, : %, ",100%,,,", ",,1/7/2025 6:23:00 PM,"No germination, all last season stuff","Wm, em",1/7/2025 6:43:11 PM,CIRArcGIS,1/7/2025 6:43:11 PM,CIRArcGIS,,no,,0,0
170,f4df5352-4935-4e3f-bbe8-82b14f1d3c14,2B,,15,25,,37,,0.25,,,yes,yes,92,"Croton_setigerus: 35%, other: 1%, Bromus_diandrus: 20%, Avena_barbata_or_fatua: 6%, Erodium_botrys: 34%, Sonchus_asper: 1%, Erigeron_canadensis: 1%, : %, ",100%,,,", ",,1/7/2025 6:48:00 PM,Gophers!,"em, wm",1/7/2025 7:03:22 PM,CIRArcGIS,1/7/2025 7:03:22 PM,CIRArcGIS,,no,,0,0
171,183abc6e-3f16-4d9c-b2c9-f540f99abca5,3A,,60,20,,,,1,,,yes,yes,58,"Deinandra_fasciculata: %, Croton_setigerus: 30%, Avena_barbata_or_fatua: %, ",100%,,,", ",,1/7/2025 7:12:00 PM,Erodium and grasses common in thatch. No germination.,"Em, wm",1/7/2025 7:19:23 PM,CIRArcGIS,1/7/2025 7:19:23 PM,CIRArcGIS,,no,,0,0
172,6fee4e29-4f86-43e1-a2f3-1ebf14c52ed2,3D,,30,25,,75,,0.25,,,yes,yes,89,"Croton_setigerus: 65%, Lysimachia_arvensis: %, Stipa_pulchra: 5%, Deinandra_fasciculata: 5%, Erodium_botrys: 25%, : %, ",100%,,,", ",,1/7/2025 7:27:00 PM,,"Em, wm",1/7/2025 7:36:11 PM,CIRArcGIS,1/7/2025 7:36:11 PM,CIRArcGIS,,no,,0,0
173,002c11fe-fb1a-4037-a386-6dde01100ae3,3B,,5,80,,100,,0.5,,,yes,yes,20,"Stipa_pulchra: %, Deinandra_fasciculata: 29%, Chlorogalum_pomeridianum: 1%, : %, ",100%,,,", ",,1/7/2025 7:39:00 PM,Erodium an burr clover seeds present in thatch,"Em, wm",1/7/2025 7:45:49 PM,CIRArcGIS,1/7/2025 7:45:49 PM,CIRArcGIS,,no,,0,0
174,d7e4f427-6e11-426d-b14b-a5ec7ca01c7b,4C,,15,60,25,15,85,0.5,,,no,no,100,"Sonchus_oleraceus: 1%, Convolvulus_arvensis: 2%, Ambrosia_psilostachya: 1%, Lysimachia_arvensis: 1%, Stipa_lepida: %, Croton_setigerus: 2%, Brachypodium_distachyon: %, Avena_barbata_or_fatua: %, Brachypodium_distachyon: %, Bromus_diandrus: 10%, Festuca_myuros: 20%, ",100%,34.46012824,-119.75501009,"34.46012824, -119.75501009",,1/7/2025 7:34:00 PM,,,1/7/2025 7:51:36 PM,CIR_FieldTech4,1/7/2025 7:51:36 PM,CIR_FieldTech4,,no,,-119.75501009,34.46012824
175,573e8ac9-4f06-4aee-aaf6-3a24e8e26d97,3C,,20,40,,,,0.5,,,yes,yes,41,"Croton_setigerus: %, Deinandra_fasciculata: 20%, Erodium_botrys: 15%, Bromus_diandrus: 5%, other: 1%, Stipa_pulchra: %, ",100%,,,", ",,1/7/2025 7:46:00 PM,Big burrow,"Em, wm",1/7/2025 7:58:04 PM,CIRArcGIS,1/7/2025 7:58:04 PM,CIRArcGIS,,no,,0,0
176,f7074e09-e6f5-4757-87c1-edf914b192cd,4A,,10,89,1,10,90,0.5,,,no,no,8,"Deinandra_fasciculata: 2%, Stipa_lepida: 12%, Plantago_lanceolata: 1%, Isocoma_menziesii: 1%, Corethrogyne_filaginifolia: 1%, Foeniculum_vulgare: 1%, Isocoma_menziesii: 2%, Festuca_myuros: 20%, Festuca_bromoides: 19%, Bromus_diandrus: 19%, Festuca_perennis: 19%, Erodium_botrys: 1%, other: 1%, Sonchus_asper: 1%, ",100%,34.46002583,-119.75436058,"34.46002583, -119.75436058",,1/7/2025 7:57:00 PM,,PC BM ,1/7/2025 8:12:52 PM,CIR_FieldTech4,1/7/2025 8:12:52 PM,CIR_FieldTech4,,no,,-119.75436058,34.46002583
177,0e21ee33-38bd-4524-84d7-8813c42e73fb,3E,,7,10,,55,,0.25,,,yes,yes,46,"Chenopodium_: %, Croton_setigerus: 30%, Erigeron_canadensis: 20%, Brassica_nigra: 5%, Lysimachia_arvensis: 2%, other: 5%, Bromus_diandrus: 30%, : %, ",100%,,,", ",,1/7/2025 8:56:00 PM,Oak branch caught in post,"Em, wm",1/7/2025 9:11:54 PM,CIRArcGIS,1/7/2025 9:11:54 PM,CIRArcGIS,,no,,0,0
178,70225906-a6c4-4ad7-a7d7-dd6fd083041a,5A,,10,30,,,,1,,,yes,yes,51,"Bromus_diandrus: %, Quercus_agrifolia: 60%, Chenopodium_: %, Festuca_myuros: %, ",100%,,,", ",,1/7/2025 9:27:00 PM,Whole plot under 60%cover by oak tree,"Wm, em",1/7/2025 9:36:46 PM,CIRArcGIS,1/7/2025 9:36:46 PM,CIRArcGIS,,no,,0,0
179,4fe9745a-e70a-42e3-b8e9-49f72bac4e6a,5B,,15,60,,50,,1,,,yes,yes,68,"Croton_setigerus: 50%, Bromus_diandrus: 50%, Lysimachia_arvensis: %, ",100%,,,", ",,1/7/2025 9:44:00 PM,Big dead oak  with large burrow under it,"Em, wm",1/7/2025 9:53:32 PM,CIRArcGIS,1/7/2025 9:53:32 PM,CIRArcGIS,,no,,0,0
180,b1039250-a7da-4c4f-8697-19d3872b820d,4D,,35,55,10,90,10,0.5,,,yes,no,22,"Stipa_pulchra: %, Corethrogyne_filaginifolia: 5%, Isocoma_menziesii: 1%, Artemisia_californica: 1%, : %, Plantago_lanceolata: 2%, Festuca_myuros: 10%, Avena_barbata_or_fatua: 3%, : %, : %, ",100%,34.46048731,-119.75496946,"34.46048731, -119.75496946",,1/7/2025 9:38:00 PM,,"BgM, PC",1/7/2025 9:53:38 PM,,1/7/2025 9:53:38 PM,,,no,,-119.75496946,34.46048731
181,4f374bff-8e46-4305-84a3-122e1107df92,6A,,30,55,15,79,21,0.5,,,,,105,"Stipa_pulchra: 83%, Croton_setigerus: 5%, Ambrosia_psilostachya: 1%, Festuca_myuros: 10%, Convolvulus_arvensis: 1%, Sonchus_asper: %, Lysimachia_arvensis: %, : %, : %, ",100%,34.46029223,-119.75547046,"34.46029223, -119.75547046",,1/7/2025 9:58:00 PM,,,1/7/2025 10:51:36 PM,,1/7/2025 10:51:36 PM,,,no,,-119.75547046,34.46029223
182,2718702b-449c-4e20-b32e-85002f90f6eb,4B,,40,55,,51,,1,,,yes,yes,40,"other: 3%, Artemisia_californica: 4%, Isocoma_menziesii: 7%, Baccharis_pilularis: 4%, Stipa_pulchra: 7%, Brassica_nigra: 3%, Bromus_hordeaceus: 16%, Festuca_myuros: 16%, Lysimachia_arvensis: 1%, Sonchus_asper: %, Corethrogyne_filaginifolia: 4%, Plantago_lanceolata: 10%, Deinandra_fasciculata: 25%, ",100%,,,", ",,1/8/2025 4:25:00 PM,No germination,"NR, EM",1/8/2025 4:48:45 PM,CIRArcGIS,1/8/2025 4:48:45 PM,CIRArcGIS,,no,,0,0
183,c3c2eece-e0da-4b81-9539-dda3021124c7,6B,,60,32,8,93,7,0.25,,,yes,no,56,"Stipa_pulchra: 90%, Artemisia_californica: 3%, Sonchus_asper: 1%, Hirschfeldia_incana: 1%, Convolvulus_arvensis: 2%, Deinandra_fasciculata: 0%, Avena_barbata_or_fatua: 2%, Lysimachia_arvensis: 0%, Bromus_hordeaceus: 1%, Erodium_cicutarium: 0%, ",100%,,,", ",,1/8/2025 4:26:00 PM,,TT PC,1/8/2025 4:53:05 PM,CIR_FieldTech1,1/8/2025 4:53:05 PM,CIR_FieldTech1,,no,,0,0
184,a942a78a-2faf-4534-8fb2-72edc4ebf68f,4D,,25,65,,100,,0.25,,,yes,yes,39,"Stipa_pulchra: %, Corethrogyne_filaginifolia: 5%, Artemisia_californica: 1%, Isocoma_menziesii: 1%, Plantago_erecta: 1%, Erodium_botrys: %, other: %, ",100%,,,", ",,1/8/2025 4:48:00 PM,Sheep droppings present- not control? Scat with fur and insect parts at pole base,"Nr,em",1/8/2025 5:09:05 PM,CIRArcGIS,1/8/2025 5:09:05 PM,CIRArcGIS,,no,,0,0
185,c567dbe3-45cd-41be-872b-0897a013267a,6C,,55,10,35,56,44,0.5,,,no,no,201,"Croton_setigerus: 55%, Hirschfeldia_incana: 41%, Lysimachia_arvensis: 3%, Artemisia_californica: 1%, ",100%,,,", ",,1/8/2025 5:03:00 PM,,PC TT,1/8/2025 5:17:13 PM,CIR_FieldTech1,1/8/2025 5:17:13 PM,CIR_FieldTech1,,no,,0,0
186,de9cd08e-d8f6-437e-a3a7-d420c2927e94,8C,,15,80,,99,,0.75,,,yes,yes,72,"Stipa_pulchra: %, Isocoma_menziesii: 5%, Sonchus_asper: 1%, Bromus_hordeaceus: %, Brachypodium_distachyon: %, Deinandra_fasciculata: %, ",100%,,,", ",,1/8/2025 5:12:00 PM,Big ravine/ wash on edge of plot,"Nr, em",1/8/2025 5:24:31 PM,CIRArcGIS,1/8/2025 5:24:31 PM,CIRArcGIS,,no,,0,0
187,c6628b7b-1df1-4c4c-a110-d9c19c3c83cd,6D,,20,79,1,98,2,0.5,,,no,no,16,"Stipa_pulchra: 98%, Hirschfeldia_incana: 1%, Convolvulus_arvensis: 1%, ",100%,,,", ",,1/8/2025 5:20:00 PM,,TT PC,1/8/2025 5:33:41 PM,CIR_FieldTech1,1/8/2025 5:33:41 PM,CIR_FieldTech1,,no,,0,0
188,d7815472-c980-4a5f-9a10-0dcbffc340d9,8B,,40,58,,,,1,,,yes,yes,47,"Stipa_pulchra: 65%, Artemisia_californica: 5%, Brachypodium_distachyon: %, ",100%,,,", ",,1/8/2025 5:36:06 PM,Covered with false brome thatch,"Nr,em",1/8/2025 5:37:03 PM,CIRArcGIS,1/8/2025 5:37:03 PM,CIRArcGIS,,no,,0,0
189,ab7c44e1-a47b-4eb4-8be1-4f53aa63eb6b,8A,,35,60,5,90,10,0.25,,,yes,yes,45,"Stipa_lepida: 90%, other: 2%, Sonchus_asper: 2%, Isocoma_menziesii: 2%, Solanum_douglasii: 2%, other: 1%, ",100%,34.46236081,-119.75567223,"34.46236081, -119.75567223",,1/8/2025 5:41:00 PM,,,1/8/2025 5:52:22 PM,CIR_FieldTech4,1/8/2025 5:52:22 PM,CIR_FieldTech4,,no,,-119.75567223,34.46236081
190,69f2f86c-120c-4f32-9b1f-deb4e13b9a2c,1A,,30,70,0,40,60,3,,,yes,yes,0,"Stipa_pulchra: 30%, other: 30%, Hazardia_squarrosa: 10%, Brassica_nigra: 30%, Avena_barbata_or_fatua: %, Festuca_perennis: %, Bromus_diandrus: %, ",100%,34.46251142274561,-119.76321708041198,"34.46251142274561, -119.76321708041198",,1/8/2025 5:02:00 PM,Annual grasses noted are counted as thatch,Wm,1/8/2025 6:16:35 PM,CIR_FieldTech1,1/8/2025 6:16:35 PM,CIR_FieldTech1,,no,,-119.763217080412,34.4625114227456
191,6c38f1f4-c66e-489e-9420-d121213c3c6d,2C,,3,30,67,35,65,0.25,,,yes,yes,151,"Croton_setigerus: %, Erodium_botrys: 35%, Avena_barbata_or_fatua: 5%, Bromus_diandrus: 25%, Hypochaeris_glabra: %, ",100%,34.46194676516616,-119.75922068411016,"34.46194676516616, -119.75922068411016",,1/8/2025 5:58:00 PM,"25% oak canopy, 50% trail",Wm,1/8/2025 6:16:43 PM,CIR_FieldTech1,1/8/2025 6:16:43 PM,CIR_FieldTech1,,no,,-119.75922068411,34.4619467651662
192,55787548-9997-477b-922f-115163ee7091,4C,,94,3,3,,,0.25,,,no,no,,"Avena_barbata_or_fatua: %, Erodium_cicutarium: 3%, Ambrosia_psilostachya: 3%, Convolvulus_arvensis: %, Vicia_sativa: 3%, Bromus_diandrus: 2%, Festuca_perennis: 10%, Lacticu_serriola: 1%, Brachypodium_distachyon: 4%, Bromus_hordeaceus: 5%, Stipa_pulchra: 1%, : %, ",100%,34.460044250944094,-119.7550904541323,"34.460044250944094, -119.7550904541323",,6/27/2025 3:28:00 PM,,"Lauren H, Anjalique, Jamie Luu, Zach Eichert",6/27/2025 4:14:07 PM,CIR_FieldTech4,6/27/2025 4:14:07 PM,CIR_FieldTech4,,no,,-119.755090454132,34.4600442509441
193,86edd0f8-eaa1-4be6-9a62-044989e9e97c,6A,,95,2,3,49,51,0.25,,,no,no,10,"Avena_barbata_or_fatua: 25%, Bromus_hordeaceus: 8%, Brachypodium_distachyon: 5%, Stipa_pulchra: 48%, Erodium_cicutarium: 5%, Vicia_sativa: 5%, Deinandra_fasciculata: %, Ambrosia_psilostachya: 1%, Convolvulus_arvensis: 1%, Bromus_diandrus: 1%, Lacticu_serriola: %, Festuca_perennis: 1%, Croton_setigerus: %, : %, ",100%,34.460218396830896,-119.75544035575865,"34.460218396830896, -119.75544035575865",,6/27/2025 4:21:00 PM,,"LH, Anjalique, Jamie, Zach",6/27/2025 4:44:42 PM,CIR_FieldTech4,6/27/2025 4:44:42 PM,CIR_FieldTech4,1,no,,-119.755440355759,34.4602183968309
194,64c09380-d0cf-46aa-82eb-dd1af99b0277,6B,,88,10,2,76,24,1,6/27/2025 5:23:21 PM,,no,yes,18,"Deinandra_fasciculata: %, Stipa_pulchra: %, Artemisia_californica: %, Erodium_botrys: %, Bromus_hordeaceus: %, Brachypodium_distachyon: %, Avena_barbata_or_fatua: %, Vicia_sativa: %, Hypochaeris_glabra: %, Foeniculum_vulgare: %, Lacticu_serriola: 1%, Hazardia_squarrosa: %, Bloomeria_crocea: %, Festuca_perennis: %, Festuca_myuros: %, : %, ",100%,34.460018184456395,-119.75510264579712,"34.460018184456395, -119.75510264579712",,6/27/2025 3:35:00 PM,,"ZE, LH, Angelique, Jamie, TT",6/27/2025 5:24:10 PM,CIR_FieldTech1,6/27/2025 5:24:10 PM,CIR_FieldTech1,,no,,-119.755102645797,34.4600181844564
195,f0e505e3-0f5c-4840-ae78-cb6423249dfe,4A,,85,14,1,91,9,0.5,,,no,no,2,"Avena_barbata_or_fatua: %, Vicia_sativa: 0%, Brachypodium_distachyon: %, Stipa_pulchra: %, Deinandra_fasciculata: %, Plantago_lanceolata: %, Plantago_erecta: %, Trifolium_hirtum: %, Corethrogyne_filaginifolia: 0%, Sisyrinchium_bellum: %, Hazardia_squarrosa: %, Foeniculum_vulgare: %, Bromus_madritensis: %, Bromus_hordeaceus: %, Erodium_botrys: 0%, Lacticu_serriola: 0%, other: 1%, Hypochaeris_glabra: 1%, ",100%,34.46001449600091,-119.7544491833937,"34.46001449600091, -119.7544491833937",,6/27/2025 5:50:00 PM,,"TT, ZE, LH",6/27/2025 6:38:00 PM,CIR_FieldTech1,6/27/2025 6:38:00 PM,CIR_FieldTech1,,no,,-119.754449183394,34.4600144960009
196,4c64bbd7-16ee-4b44-934d-f1315aa3a003,4B,,87,10,3,12,,1.5,,,no,yes,22,"Lysimachia_arvensis: 5%, Plantago_lanceolata: 20%, Hazardia_squarrosa: 4%, Bromus_hordeaceus: 7%, Erodium_botrys: 1%, Lacticu_serriola: 6%, Geranium_dissectum: 5%, Baccharis_pilularis: 3%, Brassica_nigra: 8%, Brachypodium_distachyon: 15%, Vicia_sativa: 3%, other: 1%, Corethrogyne_filaginifolia: 0%, Artemisia_californica: 1%, Pseudognaphalium_luteoalbum: 0%, Festuca_myuros: 1%, Avena_barbata_or_fatua: 15%, Foeniculum_vulgare: 0%, Sonchus_oleraceus: 1%, Stipa_pulchra: 4%, ",100%,34.460105014533596,-119.75419695916008,"34.460105014533596, -119.75419695916008",,6/27/2025 6:44:00 PM,,,6/27/2025 7:19:38 PM,CIR_FieldTech1,6/27/2025 7:19:38 PM,CIR_FieldTech1,,no,,-119.75419695916,34.4601050145336
197,bf11d1d5-5a29-429d-baa7-05bffee7bb9e,4D,,92,6,2,56,44,0.5,,,no,no,26,"Stipa_pulchra: %, Hazardia_squarrosa: %, Deinandra_fasciculata: %, Brachypodium_distachyon: %, Bromus_hordeaceus: %, Avena_barbata_or_fatua: %, Plantago_lanceolata: %, Corethrogyne_filaginifolia: %, Medicago_polymorpha: %, Lacticu_serriola: %, Sisyrinchium_bellum: %, Festuca_myuros: %, Trifolium_hirtum: %, Vicia_sativa: %, Hypochaeris_glabra: %, Silene_gallica: 0%, ",100%,34.460416955166465,-119.75507322557762,"34.460416955166465, -119.75507322557762",,6/27/2025 8:13:00 PM,,"TT, ZE, LH",6/27/2025 8:32:47 PM,CIR_FieldTech1,6/27/2025 8:32:47 PM,CIR_FieldTech1,,no,,-119.755073225578,34.4604169551665
198,6f939bdd-625e-44f5-bd5d-c030f486b6b0,8C,,94,4,2,43,,0.5,,,no,no,30,"Avena_barbata_or_fatua: 6%, Stipa_pulchra: 40%, Bromus_hordeaceus: 10%, Brachypodium_distachyon: 37%, Medicago_polymorpha: 2%, Deinandra_fasciculata: 2%, Festuca_myuros: 1%, Trifolium_hirtum: 1%, other: 1%, Artemisia_californica: 0%, Hypochaeris_glabra: 0%, Bromus_diandrus: 0%, Erodium_botrys: 0%, other: 0%, Silene_gallica: 0%, Sonchus_oleraceus: 0%, Lysimachia_arvensis: 0%, Vicia_sativa: 0%, ",100%,34.46179522167468,-119.75526702806299,"34.46179522167468, -119.75526702806299",,6/27/2025 8:41:00 PM,,"TT, ZE, JL, LH",6/27/2025 9:12:01 PM,CIR_FieldTech1,6/27/2025 9:12:01 PM,CIR_FieldTech1,,no,,-119.755267028063,34.4617952216747
199,5a8469b4-c805-4548-9f38-d56a92d427ea,8B,,89,10,1,40,60,1.5,,,no,no,30,"Acmispon_glaber: 0%, Bloomeria_crocea: 4%, Brachypodium_distachyon: 48%, Avena_barbata_or_fatua: 5%, Stipa_pulchra: 30%, Artemisia_californica: 6%, Erodium_botrys: 3%, Bromus_hordeaceus: 3%, Festuca_perennis: 1%, Lysimachia_arvensis: 0%, Festuca_myuros: 0%, ",100%,34.462070886626755,-119.75547023084754,"34.462070886626755, -119.75547023084754",,6/27/2025 9:15:00 PM,,"TT, ZE, JL",6/27/2025 9:33:22 PM,CIR_FieldTech1,6/27/2025 9:33:22 PM,CIR_FieldTech1,,no,,-119.755470230848,34.4620708866268
200,e73b9f85-83ec-457f-ba0e-4d7a7dad75f6,8A,,95,5,0,68,,0.25,,,no,no,19,"Stipa_pulchra: %, Lacticu_serriola: %, Medicago_polymorpha: %, Bromus_hordeaceus: %, Sonchus_oleraceus: %, Deinandra_fasciculata: %, Avena_barbata_or_fatua: %, Erodium_botrys: %, Brachypodium_distachyon: %, Festuca_myuros: %, Hazardia_squarrosa: %, Hypochaeris_glabra: %, Trifolium_hirtum: 1%, ",100%,34.46236038619486,-119.75564944425214,"34.46236038619486, -119.75564944425214",,6/27/2025 10:03:00 PM,,"TT, ZE, JL",6/27/2025 10:19:04 PM,CIR_FieldTech1,6/27/2025 10:19:04 PM,CIR_FieldTech1,,no,,-119.755649444252,34.4623603861949
201,dd145a4e-aac3-4f0e-9287-0798495915b2,6D,,97,3,0,25,75,0.5,,,no,no,3,"Stipa_pulchra: %, Avena_barbata_or_fatua: %, Brachypodium_distachyon: 20%, Festuca_perennis: 29%, Erodium_botrys: 0%, Bromus_hordeaceus: 0%, Trifolium_hirtum: %, Bromus_madritensis: 0%, Lacticu_serriola: 0%, Medicago_polymorpha: 1%, Amsinckia_intermedia: %, Convolvulus_arvensis: 0%, ",100%,34.46207751193989,-119.75631535665492,"34.46207751193989, -119.75631535665492",,6/27/2025 10:23:00 PM,,"TT, ZE, JL",6/27/2025 10:35:29 PM,CIR_FieldTech1,6/27/2025 10:35:29 PM,CIR_FieldTech1,,no,,-119.756315356655,34.4620775119399
202,fb9ef201-eb2f-40c5-a942-84a870d3bbbc,6C,,95,3,2,,,0.25,,,yes,yes,24,"Bromus_diandrus: 40%, Brassica_nigra: 10%, Datura_wrightii: 3%, Amsinckia_intermedia: 40%, Hirschfeldia_incana: 5%, Deinandra_fasciculata: %, Chenopodium_: 1%, Artemisia_californica: %, Croton_setigerus: %, Malva_parviflora: %, Erigeron_canadensis: %, Helminthotheca_echiodes: %, Pseudognaphalium_californicum: 1%, Erodium_botrys: %, Silene_gallica: %, ",100%,34.46264053,-119.7561885,"34.46264053, -119.7561885",,6/30/2025 3:42:00 PM,,"Lh, lz,  jl, kb, bm, em",6/30/2025 4:36:49 PM,CIRArcGIS,6/30/2025 4:36:49 PM,CIRArcGIS,,no,,-119.7561885,34.46264053
203,40be46f1-8c55-4c28-8004-db26faa901a1,5B,,85,5,10,,,0.25,,,yes,yes,20,"Bromus_diandrus: 71%, Erodium_botrys: 7%, Erigeron_canadensis: 15%, Datura_wrightii: 2%, Solanum_douglasii: 1%, Chenopodium_: 2%, Croton_setigerus: 1%, Stephanomeria_sp.: 1%, Hirschfeldia_incana: %, Avena_barbata_or_fatua: %, ",100%,34.4634576,-119.75689709,"34.4634576, -119.75689709",,6/30/2025 4:53:00 PM,"Big burrow just outside, old fallen tree covering half of plot","Jl, em",6/30/2025 5:18:36 PM,CIRArcGIS,6/30/2025 5:18:36 PM,CIRArcGIS,,no,,-119.75689709,34.4634576
204,01780fbd-b314-4f49-8c36-d3c8a82195ba,5A,,40,25,35,7,93,0.5,,,no,yes,2,"Quercus_agrifolia: 6%, Chenopodium_: 3%, Erigeron_canadensis: 2%, Bromus_diandrus: 89%, other: %, other: %, other: %, : %, ",100%,34.46324467902958,-119.7569645003453,"34.46324467902958, -119.7569645003453",,6/30/2025 4:54:00 PM,Additional covering: Coast Live Oak 75% canopy cover. Dead wood was counted in bare ground.  ,"LZ, KB, BGM",6/30/2025 5:26:09 PM,CIR_FieldTech4,6/30/2025 5:26:09 PM,CIR_FieldTech4,,no,,-119.756964500345,34.4632446790296
205,33bd1064-6c01-467b-870e-be9e4ea9d678,3A,,60,25,15,80,20,0.5,,,no,yes,19,"Deinandra_fasciculata: 80%, Bromus_diandrus: 16%, Avena_barbata_or_fatua: 1%, Erodium_botrys: 2%, Hypochaeris_glabra: 1%, Festuca_myuros: %, Croton_setigerus: %, other: %, ",100%,34.461979026354456,-119.755398306238,"34.461979026354456, -119.755398306238",,6/30/2025 6:13:00 PM,,"JL, KB, and BGM",6/30/2025 6:15:27 PM,CIR_FieldTech4,6/30/2025 6:15:27 PM,CIR_FieldTech4,,no,,-119.755398306238,34.4619790263545
206,80b72e31-c923-424d-bcb1-e503aaa58706,3E,,98,0,2,,,,,,yes,yes,5,"Erigeron_canadensis: 40%, Brassica_nigra: 15%, Avena_barbata_or_fatua: %, Bromus_diandrus: 38%, Datura_wrightii: 1%, Solanum_douglasii: 1%, Centaurea_melitensis: 2%, Erodium_botrys: %, Chenopodium_: 1%, Amsinckia_intermedia: 1%, Hordeum_marinum: 1%, Silene_gallica: %, ",100%,34.46251369,-119.75841805,"34.46251369, -119.75841805",,6/30/2025 5:53:00 PM,Dead oak branch in middlr,"Lz, em",6/30/2025 6:17:27 PM,CIRArcGIS,6/30/2025 6:17:27 PM,CIRArcGIS,,no,,-119.75841805,34.46251369
207,7ef275b7-467d-4add-8a3a-87791c9ed15f,3C,,90,2,8,,,0.25,,,no,yes,2,"Bromus_diandrus: 38%, Avena_barbata_or_fatua: 1%, Stipa_pulchra: 1%, Festuca_perennis: 2%, Festuca_myuros: 6%, Hypochaeris_glabra: 1%, Deinandra_fasciculata: 20%, Erodium_botrys: 30%, Croton_setigerus: 1%, Sonchus_asper: %, Lupinus_bicolor: %, Silene_gallica: %, Lysimachia_arvensis: %, ",100%,34.4621624,-119.75797028,"34.4621624, -119.75797028",,6/30/2025 6:21:00 PM,,"Lz, em",6/30/2025 6:43:05 PM,CIRArcGIS,6/30/2025 6:43:05 PM,CIRArcGIS,,no,,-119.75797028,34.4621624
208,58639731-a7b4-4b9e-8f6c-e1c9c3c878ad,3B,,57,40,3,50,50,0.25,,,no,yes,24,"Stipa_pulchra: 31%, Deinandra_fasciculata: 18%, Erodium_botrys: 6%, Festuca_perennis: 40%, Bromus_hordeaceus: %, Avena_barbata_or_fatua: %, Festuca_myuros: 1%, Castilleja_exserta: 1%, Acmispon_wrangelianus: %, Rumex_crispus: %, other: %, Chlorogalum_pomeridianum: %, ",100%,34.46202790912785,-119.75799315434162,"34.46202790912785, -119.75799315434162",,6/30/2025 6:22:00 PM,,"JL, KB, and BGM",6/30/2025 6:46:21 PM,CIR_FieldTech4,6/30/2025 6:46:21 PM,CIR_FieldTech4,,no,,-119.757993154342,34.4620279091278
209,40fd7bb8-f82a-4206-9510-b800d83b5a10,3D,,85,10,5,,,0.25,,,no,yes,37,"Deinandra_fasciculata: %, Erodium_botrys: 5%, Avena_barbata_or_fatua: 1%, Stipa_pulchra: 5%, Festuca_myuros: 12%, Hypochaeris_glabra: 5%, Acmispon_wrangelianus: 5%, Bromus_diandrus: 10%, Croton_setigerus: 3%, Castilleja_exserta: 2%, Bromus_hordeaceus: %, Festuca_perennis: %, Spergula_arvensis: %, other: 2%, ",100%,34.46155776129984,-119.75799936406793,"34.46155776129984, -119.75799936406793",,6/30/2025 6:49:00 PM,,"JL, KB, and BGM",6/30/2025 7:18:50 PM,CIR_FieldTech4,6/30/2025 7:18:50 PM,CIR_FieldTech4,,no,,-119.757999364068,34.4615577612998
210,1de703e1-0a58-4946-b932-3b56e61ff87b,2C,,74,1,35,,,0.1,,,no,yes,28,"Avena_barbata_or_fatua: 20%, Bromus_diandrus: 32%, Festuca_myuros: 10%, Hordeum_marinum: 5%, Silene_gallica: 5%, Hypochaeris_glabra: 15%, other: %, Erodium_botrys: 8%, Artemisia_californica: %, Baccharis_pilularis: %, Logfia_gallica: 5%, ",100%,34.46196782,-119.7592234,"34.46196782, -119.7592234",,6/30/2025 7:05:00 PM,"One third of plot is on path, 15% is under live oak canopy ","Lz, em",6/30/2025 7:28:11 PM,CIRArcGIS,6/30/2025 7:28:11 PM,CIRArcGIS,,no,,-119.7592234,34.46196782
211,3c4760f7-0378-40fd-b872-e65d96edd7ea,2B,,88,2,10,,,0.1,,,no,no,23,"Erigeron_canadensis: 6%, Bromus_diandrus: 38%, Avena_barbata_or_fatua: 4%, Erodium_botrys: 38%, Chenopodium_: %, Sonchus_asper: %, Brassica_nigra: 1%, Carduus_pycnocephalus: %, Festuca_myuros: 1%, Silene_gallica: 10%, Hypochaeris_glabra: %, Amsinckia_intermedia: 2%, ",100%,34.46209728,-119.75944875,"34.46209728, -119.75944875",,6/30/2025 8:03:00 PM,,"Lz, em",6/30/2025 8:22:17 PM,CIRArcGIS,6/30/2025 8:22:17 PM,CIRArcGIS,,no,,-119.75944875,34.46209728
212,689acd33-2fcf-4f31-8f07-64c5a6cd0e50,2A,,79,20,1,23,77,0.75,,,no,no,3,"Avena_barbata_or_fatua: 20%, Stipa_pulchra: 16%, Artemisia_californica: 1%, Vicia_sativa: 20%, Bromus_diandrus: 10%, Erodium_botrys: 7%, Brachypodium_distachyon: %, Deinandra_fasciculata: 2%, Ambrosia_psilostachya: 4%, Hypochaeris_glabra: 2%, Festuca_myuros: 10%, Bromus_hordeaceus: 5%, Festuca_perennis: 3%, Logfia_filaginoides: %, Spergula_arvensis: %, Centaurea_melitensis: %, ",100%,34.46161642293867,-119.75963734274599,"34.46161642293867, -119.75963734274599",,6/30/2025 8:07:00 PM,,"JL, KB, and BGM",6/30/2025 8:31:43 PM,CIR_FieldTech4,6/30/2025 8:31:43 PM,CIR_FieldTech4,,no,,-119.759637342746,34.4616164229387
213,10cba23b-aa96-42fa-9137-c1d3f50f232b,WM-1,,69,30,1,1,99,0.75,,,yes,no,3,"Avena_barbata_or_fatua: 70%, Brassica_nigra: 16%, Hirschfeldia_incana: %, Verbena_lasiostachys: 1%, Erodium_botrys: 2%, Carduus_pycnocephalus: 1%, Sonchus_asper: %, Spergula_arvensis: %, Bromus_diandrus: 5%, Festuca_myuros: 5%, Brachypodium_distachyon: %, Lactuca_serriola: %, Lysimachia_arvensis: %, ",100%,34.45805470239689,-119.7672754536326,"34.45805470239689, -119.7672754536326",,6/30/2025 9:58:00 PM,,JL and BGM,6/30/2025 10:18:52 PM,CIR_FieldTech4,6/30/2025 10:18:52 PM,CIR_FieldTech4,,no,,-119.767275453633,34.4580547023969
214,be44deea-70ba-4727-adae-927a60341ffa,WM-16,,89,10,1,,,0.75,,,no,yes,14,"Artemisia_californica: 3%, Pseudognaphalium_californicum: 5%, Chlorogalum_pomeridianum: 5%, Stipa_pulchra: 30%, Deinandra_fasciculata: %, Avena_barbata_or_fatua: 2%, Brachypodium_distachyon: 40%, Bromus_hordeaceus: %, Erodium_botrys: 15%, Sonchus_asper: %, Hypochaeris_glabra: %, ",100%,34.45831676,-119.76617299,"34.45831676, -119.76617299",,6/30/2025 9:59:00 PM,Part of plot mowed maybe 15%,"Lz, em",6/30/2025 10:18:55 PM,CIRArcGIS,6/30/2025 10:18:55 PM,CIRArcGIS,,no,,-119.76617299,34.45831676
215,10d19508-f6d7-44ed-ab1e-7a21d1b130ac,WM-3,,82,15,3,,,0.75,,,yes,no,17,"Artemisia_californica: 10%, Stipa_pulchra: 4%, Erodium_botrys: 15%, Avena_barbata_or_fatua: 30%, Pseudognaphalium_californicum: 3%, Deinandra_fasciculata: %, Calystegia_macrostegia: %, Oxalis_pilosa: 1%, Bromus_hordeaceus: 1%, Brachypodium_distachyon: 15%, Bromus_diandrus: 5%, Festuca_perennis: 15%, Logfia_filaginoides: %, Festuca_myuros: 1%, Vicia_sativa: %, Hirschfeldia_incana: %, Lysimachia_arvensis: %, Croton_setigerus: %, ",100%,34.45928082,-119.76871191,"34.45928082, -119.76871191",,6/30/2025 10:36:00 PM,,"Bgm, lz, em",6/30/2025 11:06:14 PM,CIRArcGIS,6/30/2025 11:06:14 PM,CIRArcGIS,,no,,-119.76871191,34.45928082
